,item_id,cuisine_tag,item_name,item_price,merchant_id,ingredients
0,1,Side,Fried Spring Rolls,3.5,1d4f2,"[    ""Spring roll wrappers"",    ""Ground pork"",    ""Cabbage"",    ""Carrots"",    ""Bean sprouts"",    ""Shiitake mushrooms"",    ""Onion"",    ""Garlic"",    ""Green onions"",    ""Glass noodles"",    ""Soy sauce"",    ""Sesame oil"",    ""Sugar"",    ""Salt"",    ""Pepper"",    ""Vegetable oil""]"
1,2,American,Lemon Pepper Wings (6 pcs),7.75,8d5f9,"[""Chicken Wings"",""Lemon Pepper Seasoning"",""Cooking Oil"",""Salt"",""Butter"",""Lemon"",""Garlic Powder"",""Onion Powder""]"
2,3,Asian,General Tso’s Chicken,9.5,1a3f7,"[""Chicken"",""Soy Sauce"",""Cornstarch"",""Egg"",""Vinegar"",""Flour"",""Hoisin Sauce"",""Sugar"",""Sesame Oil"",""Chili Peppers"",""Garlic"",""Ginger"",""Chicken Broth"",""Oil"",""Sesame Seeds"",""Green Onion"",""Water""]"
3,4,American,Bacon Wrapped Dog,5.25,d3b6a,"[  ""Hot Dogs"",  ""Bacon"",  ""Hot Dog Buns"",  ""Cheese"",  ""Tomato"",  ""Onion"",  ""Ketchup"",  ""Mustard"",  ""Relish"",  ""Lettuce""]"
4,5,Dessert,Kulfi,3.75,a3e8b,"[  ""Milk"",  ""Sugar"",  ""Cardamom"",  ""Pistachios"",  ""Almonds""]"
5,6,Seafood,Fried Fish Sandwich,8.5,b9e5f,"[    ""Fish fillets"",    ""Flour"",    ""Egg"",    ""Breadcrumbs"",    ""Salt"",    ""Pepper"",    ""Paprika"",    ""Burger buns"",    ""Lettuce"",    ""Tomato"",    ""Onion"",    ""Cheese"",    ""Mayonnaise"",    ""Lemon"",    ""Oil""]"
6,7,Indian,Garlic Naan,2.5,c5e2a,"[    ""Flour"",    ""Yeast"",    ""Sugar"",    ""Salt"",    ""Baking Powder"",    ""Baking Soda"",    ""Yogurt"",    ""Milk"",    ""Oil"",    ""Garlic"",    ""Butter"",    ""Cilantro""]"
7,8,Fried Chicken,Hot Wings (6 pcs),8.0,0e1b3,"[  ""Chicken Wings"",  ""Hot Sauce"",  ""Butter"",  ""Salt"",  ""Pepper"",  ""Garlic Powder"",  ""Onion Powder"",  ""Paprika"",  ""Cooking Oil""]"
8,9,Burgers,Double Patty Burger,9.0,2e8a5,"[    ""Burger buns"",    ""Beef patties"",    ""Cheese"",    ""Lettuce"",    ""Tomato"",    ""Onion"",    ""Pickles"",    ""Ketchup"",    ""Mustard"",    ""Mayonnaise""]"
9,10,French,Mushroom & Herb Crepe,7.5,e7a2f,"[  ""Flour"",  ""Eggs"",  ""Milk"",  ""Butter"",  ""Salt"",  ""Mushrooms"",  ""Onion"",  ""Garlic"",  ""Thyme"",  ""Parsley"",  ""Cream Cheese"",  ""Pepper""]"
10,11,French,Nutella & Banana Crepe,6.75,0e7a4,"[  ""Flour"",  ""Milk"",  ""Eggs"",  ""Butter"",  ""Salt"",  ""Nutella"",  ""Banana"",  ""Oil""]"
11,12,Beverage,Lemonade,2.5,6d0f7,"[  ""Lemons"",  ""Sugar"",  ""Water""]"
12,13,Tex-Mex,Chili Cheese Fries,6.0,6d0f7,"[    ""Potatoes"",    ""Vegetable oil"",    ""Salt"",    ""Ground beef"",    ""Onion"",    ""Tomato"",    ""Kidney beans"",    ""Chili powder"",    ""Cumin"",    ""Garlic"",    ""Water"",    ""Cheese""]"
13,14,Asian,Beef Bulgogi Rice Bowl,9.5,7f4d2,"[    ""Beef"",    ""Soy Sauce"",    ""Sugar"",    ""Sesame Oil"",    ""Garlic"",    ""Ginger"",    ""Onion"",    ""Pear"",    ""Black Pepper"",    ""Rice"",    ""Lettuce"",    ""Carrot"",    ""Spinach"",    ""Cucumber"",    ""Sesame Seeds"",    ""Green Onion"",    ""Gochujang""]"
14,15,Fried Chicken,Bucket of Wings (10 pcs),11.5,7c1a9,"[    ""Chicken Wings"",    ""All-Purpose Flour"",    ""Cornstarch"",    ""Baking Powder"",    ""Salt"",    ""Black Pepper"",    ""Paprika"",    ""Garlic Powder"",    ""Onion Powder"",    ""Cooking Oil""]"
15,16,Mediterranean,Beef Shawarma Plate,9.75,1c2e6,"[    ""Beef"",    ""Pita Bread"",    ""Tomato"",    ""Cucumber"",    ""Red Onion"",    ""Lettuce"",    ""Parsley"",    ""Pickles"",    ""Tahini Sauce"",    ""Garlic Sauce"",    ""Hummus"",    ""Lemon""]"
16,17,Italian,Classic Cheese Pizza,8.0,7c5b9,"[""Flour"",""Water"",""Yeast"",""Salt"",""Olive Oil"",""Tomato Sauce"",""Cheese""]"
17,18,Italian,Spaghetti Bolognese,9.5,d4f0a,"[    ""Spaghetti"",    ""Ground Beef"",    ""Tomato"",    ""Onion"",    ""Carrot"",    ""Celery"",    ""Garlic"",    ""Tomato Paste"",    ""Olive Oil"",    ""Beef Broth"",    ""Red Wine"",    ""Oregano"",    ""Basil"",    ""Salt"",    ""Pepper"",    ""Parmesan Cheese""]"
18,19,Burgers,Classic Cheeseburger,7.5,2e8a5,"[    ""Ground Beef"",    ""Burger Buns"",    ""Cheese"",    ""Lettuce"",    ""Tomato"",    ""Onion"",    ""Pickles""]"
19,20,Filipino,Pancit Palabok,8.5,8f7c2,"[    ""Pancit Bihon Noodles"",    ""Shrimp Broth"",    ""Shrimp"",    ""Pork"",    ""Smoked Fish"",    ""Annatto Powder"",    ""Garlic"",    ""Onion"",    ""Fish Sauce"",    ""Cornstarch"",    ""Eggs"",    ""Pork Cracklings"",    ""Green Onions"",    ""Lemon"",    ""Cooking Oil""]"
20,21,Steak,Beef Striploin Bowl,10.75,4c9a2,"[    ""Beef Striploin"",    ""Rice"",    ""Lettuce"",    ""Tomato"",    ""Onion"",    ""Bell Pepper"",    ""Corn"",    ""Avocado"",    ""Cucumber"",    ""Carrot"",    ""Soy Sauce"",    ""Sesame Oil"",    ""Sesame Seeds""]"
21,22,Side,Celery & Ranch,2.0,8d5f9,"[  ""Celery"",  ""Ranch Dressing""]"
22,23,Healthy,Grilled Chicken Caesar Salad,8.5,4d9f1,"[    ""Chicken Breast"",    ""Olive Oil"",    ""Salt"",    ""Pepper"",    ""Garlic Powder"",    ""Romaine Lettuce"",    ""Caesar Dressing"",    ""Croutons"",    ""Parmesan Cheese"",    ""Tomato"",    ""Lemon""]"
23,24,Japanese,Spicy Salmon Roll,7.0,5b8d2,"[    ""Rice"",    ""Salmon"",    ""Nori"",    ""Mayonnaise"",    ""Chili Sauce"",    ""Avocado"",    ""Cucumber"",    ""Sesame Seeds"",    ""Rice Vinegar"",    ""Sugar"",    ""Salt""]"
24,25,Japanese,Shoyu Ramen,9.25,4f0c5,"[""Chicken broth"",""Soy sauce"",""Ramen noodles"",""Pork"",""Eggs"",""Green onions"",""Nori"",""Bamboo shoots"",""Ginger"",""Garlic"",""Onion"",""Mirin"",""Sake""]"
25,26,Japanese,Unagi Nigiri (2 pcs),5.5,a9f4e,"[""Cooked Eel"",""Sushi Rice"",""Sweet Soy Sauce""]"
26,27,Korean,Spicy Tofu Stew (Soondubu),9.5,2d7a9,"[  ""Tofu"",  ""Pork"",  ""Clams"",  ""Shrimp"",  ""Kimchi"",  ""Onion"",  ""Green Onion"",  ""Garlic"",  ""Chili Powder"",  ""Chili Paste"",  ""Soy Sauce"",  ""Sesame Oil"",  ""Egg"",  ""Water""]"
27,28,Tex-Mex,Chili Dog,6.75,6d0f7,"[  ""Hot Dog"",  ""Hot Dog Bun"",  ""Chili"",  ""Cheese"",  ""Onion"",  ""Mustard""]"
28,29,Vietnamese,Pho Ga (Chicken Pho),8.5,1d4f2,"[    ""Chicken"",    ""Water"",    ""Onion"",    ""Ginger"",    ""Star Anise"",    ""Cloves"",    ""Cinnamon Stick"",    ""Coriander Seeds"",    ""Black Peppercorns"",    ""Salt"",    ""Sugar"",    ""Fish Sauce"",    ""Rice Noodles"",    ""Bean Sprouts"",    ""Thai Basil"",    ""Cilantro"",    ""Green Onions"",    ""Lime"",    ""Chili Peppers""]"
29,30,Japanese,Avocado Cucumber Roll,6.0,5b8d2,"[    ""Nori Sheets"",    ""Rice"",    ""Avocado"",    ""Cucumber"",    ""Sesame Seeds"",    ""Soy Sauce""]"
30,31,Side,Fries,2.5,2e8a5,"[  ""Potatoes"",  ""Oil"",  ""Salt""]"
31,32,Asian,Noodle Stir Fry with Chicken,9.0,b7a3e,"[""Egg Noodles"",""Chicken Breast"",""Soy Sauce"",""Oyster Sauce"",""Sesame Oil"",""Sugar"",""Ginger"",""Garlic"",""Onion"",""Carrot"",""Bell Pepper"",""Broccoli"",""Vegetable Oil""]"
32,33,French,Duck Confit,14.75,2f3d7,"[  ""Duck Legs"",  ""Salt"",  ""Garlic"",  ""Thyme"",  ""Bay Leaf"",  ""Duck Fat"",  ""Black Pepper""]"
33,34,Mediterranean,Falafel Wrap,7.5,d1e9b,"[    ""Falafel"",    ""Pita Bread"",    ""Tomato"",    ""Cucumber"",    ""Lettuce"",    ""Onion"",    ""Tahini""]"
34,35,Breakfast,Blueberry Pancakes,6.75,3c7e9,"[    ""Flour"",    ""Sugar"",    ""Baking Powder"",    ""Salt"",    ""Milk"",    ""Egg"",    ""Butter"",    ""Blueberries""]"
35,36,Dessert,Strawberry Frosted Donut,2.0,3b7f0,"[""Flour"",""Sugar"",""Yeast"",""Milk"",""Egg"",""Butter"",""Salt"",""Vanilla Extract"",""Powdered Sugar"",""Strawberry""]"
36,37,Side,Stuffed Grape Leaves,4.0,6a9c1,"[    ""Grape Leaves"",    ""Rice"",    ""Ground Meat"",    ""Onion"",    ""Parsley"",    ""Mint"",    ""Dill"",    ""Lemon"",    ""Olive Oil"",    ""Salt"",    ""Pepper"",    ""Tomato""]"
37,38,Indian,Jeera Rice,2.75,b2d8e,"[  ""Rice"",  ""Cumin Seeds"",  ""Oil"",  ""Onion"",  ""Green Chili"",  ""Ginger"",  ""Salt"",  ""Water""]"
38,39,Side,Grilled Asparagus,4.0,4a3e6,"[  ""Asparagus"",  ""Olive Oil"",  ""Salt"",  ""Pepper""]"
39,40,Seafood,Garlic Butter Shrimp,12.0,a6c9f,"[    ""Shrimp"",    ""Garlic"",    ""Butter"",    ""Salt"",    ""Pepper"",    ""Parsley"",    ""Lemon"",    ""Red Pepper Flakes""]"
40,41,Breakfast,Nutella Banana Waffle,7.5,5d9e3,"['Flour','Sugar','Baking powder','Salt','Egg','Milk','Butter','Nutella','Banana']"
41,42,Indian,Chicken Tikka Masala,10.5,b2d8e,"[    ""Chicken"",    ""Yogurt"",    ""Ginger"",    ""Garlic"",    ""Lemon"",    ""Turmeric"",    ""Cumin"",    ""Coriander"",    ""Chili Powder"",    ""Garam Masala"",    ""Onion"",    ""Tomato"",    ""Butter"",    ""Cream"",    ""Paprika"",    ""Kasuri Methi"",    ""Sugar"",    ""Salt"",    ""Oil""]"
42,43,Indian,Lamb Curry,11.75,6a0c3,"[    ""Lamb"",    ""Onion"",    ""Tomato"",    ""Ginger"",    ""Garlic"",    ""Cooking oil"",    ""Turmeric"",    ""Cumin"",    ""Coriander"",    ""Chili powder"",    ""Garam Masala"",    ""Salt"",    ""Water"",    ""Yogurt"",    ""Cilantro""]"
43,44,Beverage,Plum Soda,2.75,3d9c8,"[""Plum"",""Soda Water"",""Sugar"",""Lemon""]"
44,45,Japanese,Ebi Tempura Roll,7.25,8f2a6,"[    ""Shrimp"",    ""Flour"",    ""Egg"",    ""Water"",    ""Oil"",    ""Sushi Rice"",    ""Rice Vinegar"",    ""Sugar"",    ""Salt"",    ""Nori Seaweed"",    ""Avocado"",    ""Cucumber"",    ""Mayonnaise""]"
45,46,Healthy,Spinach & Strawberry Salad,8.25,9f6b0,"[  ""Spinach"",  ""Strawberries"",  ""Feta cheese"",  ""Red onion"",  ""Almonds"",  ""Olive oil"",  ""Balsamic vinegar"",  ""Salt"",  ""Pepper""]"
46,47,American,Caprese Baguette,7.75,0c6e4,"[  ""Baguette"",  ""Tomatoes"",  ""Mozzarella Cheese"",  ""Basil"",  ""Olive Oil"",  ""Balsamic Vinegar"",  ""Salt"",  ""Pepper""]"
47,48,Contemporary,Seared Tuna Steak,14.0,4a3e6,"[    ""Tuna Steak"",    ""Olive Oil"",    ""Salt"",    ""Black Pepper"",    ""Sesame Seeds"",    ""Soy Sauce"",    ""Lemon"",    ""Ginger"",    ""Garlic"",    ""Green Onion""]"
48,49,BBQ,BBQ Ribs Full Rack,18.0,e8c2b,"[    ""Pork Ribs"",    ""Tomato Sauce"",    ""Brown Sugar"",    ""Apple Cider Vinegar"",    ""Paprika"",    ""Garlic Powder"",    ""Onion Powder"",    ""Salt"",    ""Black Pepper"",    ""Chili Powder"",    ""Worcestershire Sauce""]"
49,50,Beverage,Chai Latte,3.0,8b7a3,"[  ""Black Tea"",  ""Milk"",  ""Water"",  ""Cinnamon"",  ""Cardamom"",  ""Ginger"",  ""Cloves"",  ""Black Pepper"",  ""Sugar""]"
50,51,Korean,Spicy Pork Belly BBQ,13.0,c5a8e,"[    ""Pork Belly"",    ""Chili Flakes"",    ""BBQ Sauce"",    ""Brown Sugar"",    ""Soy Sauce"",    ""Garlic"",    ""Ginger"",    ""Onion"",    ""Rice Vinegar"",    ""Sesame Oil"",    ""Sesame Seeds"",    ""Green Onion""]"
51,52,Mexican,Spicy Chicken Burrito,8.75,9f4a2,"[    ""Chicken"",    ""Tortillas"",    ""Rice"",    ""Black Beans"",    ""Onion"",    ""Tomato"",    ""Lettuce"",    ""Cheese"",    ""Salsa"",    ""Sour Cream"",    ""Chili Powder"",    ""Jalapeno"",    ""Oil""]"
52,53,Tea,Jasmine Tea Pot,2.5,7d4e1,"[  ""Jasmine Tea"",  ""Water""]"
53,54,Chinese,Beef & Onion Dumplings (8),6.25,b0e7f,"[""Ground Beef"",""Onion"",""Dumpling Wrappers"",""Soy Sauce"",""Ginger"",""Garlic"",""Sesame Oil"",""Salt"",""Pepper"",""Green Onion""]"
54,55,Hawaiian,Spicy Salmon Poke,10.75,4a7c1,"[    ""Salmon"",    ""Rice"",    ""Avocado"",    ""Cucumber"",    ""Green Onion"",    ""Seaweed"",    ""Sesame Seeds"",    ""Mayonnaise"",    ""Sriracha"",    ""Soy Sauce"",    ""Lime"",    ""Ginger""]"
55,56,Vegetarian,Lentil Shepherd’s Pie,9.0,9a8c5,"[    ""Lentils"",    ""Onion"",    ""Carrot"",    ""Celery"",    ""Tomato Paste"",    ""Vegetable Broth"",    ""Thyme"",    ""Rosemary"",    ""Bay Leaf"",    ""Worcestershire Sauce"",    ""Salt"",    ""Pepper"",    ""Potatoes"",    ""Milk"",    ""Butter"",    ""Cheese""]"
56,57,Side,Mac & Cheese,3.5,e8c2b,"[  ""Macaroni"",  ""Cheese"",  ""Milk"",  ""Butter"",  ""Flour"",  ""Salt"",  ""Pepper""]"
57,58,Burgers,Bacon Mushroom Burger,8.5,2e8a5,"[    ""Beef Patty"",    ""Buns"",    ""Bacon"",    ""Mushrooms"",    ""Cheese"",    ""Lettuce"",    ""Tomato"",    ""Onion"",    ""Mayonnaise"",    ""Ketchup""]"
58,59,American,Chicago Dog,4.5,d3b6a,"[""Poppy seed bun"",""All-beef hot dog"",""Yellow mustard"",""White onion"",""Sweet pickle relish"",""Dill pickle spear"",""Tomato"",""Sport peppers"",""Celery salt""]"
59,60,Healthy,Roasted Veggie Salad Bowl,8.25,4d9f1,"[    ""Broccoli"",    ""Carrots"",    ""Bell Pepper"",    ""Onion"",    ""Zucchini"",    ""Sweet Potato"",    ""Lettuce"",    ""Tomato"",    ""Cucumber"",    ""Avocado"",    ""Cheese"",    ""Olives"",    ""Chickpeas"",    ""Olive Oil"",    ""Vinegar"",    ""Lemon"",    ""Herbs""]"
60,61,Japanese,California Roll,6.5,8f2a6,"[  ""Sushi rice"",  ""Nori sheets"",  ""Imitation crab meat"",  ""Avocado"",  ""Cucumber"",  ""Rice vinegar"",  ""Sugar"",  ""Salt"",  ""Sesame seeds""]"
61,62,Mexican,Barbacoa Soft Tacos,7.75,a5c3b,"[""Beef"",""Onions"",""Garlic"",""Chipotle Peppers"",""Cumin"",""Oregano"",""Cloves"",""Bay Leaves"",""Apple Cider Vinegar"",""Beef Broth"",""Soft Tortillas"",""Cilantro"",""Lime"",""Salsa"",""Tomato"",""Lettuce"",""Cheese"",""Avocado"",""Sour Cream""]"
62,63,Side,Sautéed Mushrooms,3.25,4c9a2,"[  ""Mushrooms"",  ""Butter"",  ""Olive Oil"",  ""Garlic"",  ""Onion"",  ""Salt"",  ""Pepper"",  ""Parsley""]"
63,64,Side,Potato Wedges,3.0,0c2d7,"[  ""Potato"",  ""Oil"",  ""Salt"",  ""Pepper"",  ""Paprika"",  ""Garlic Powder""]"
64,65,Japanese,Spicy Chicken Teriyaki,9.0,3d9c8,"[""Chicken"",""Soy sauce"",""Mirin"",""Sugar"",""Ginger"",""Garlic"",""Sesame oil"",""Cornstarch"",""Red pepper flakes"",""Green onion"",""Rice""]"
65,66,Breakfast,Chocolate Chip Pancakes,6.75,3c7e9,"[""Flour"",""Sugar"",""Baking Powder"",""Salt"",""Milk"",""Egg"",""Butter"",""Chocolate Chips""]"
66,67,Burgers,Vegan Black Bean Burger,8.0,0c5d8,"[""Black Beans"",""Burger Buns"",""Onion"",""Garlic"",""Spices"",""Breadcrumbs"",""Olive Oil"",""Tomato"",""Lettuce"",""Pickles"",""Avocado"",""Vegan Cheese"",""Ketchup"",""Mustard""]"
67,68,American,Garlic Parmesan Wings (6 pcs),7.75,8d5f9,"[    ""Chicken Wings"",    ""Garlic"",    ""Parmesan Cheese"",    ""Butter"",    ""Cooking Oil"",    ""Salt"",    ""Pepper""]"
68,69,Mexican,Birria Quesa Tacos,9.25,7d3c1,"[    ""Beef"",    ""Dried chiles"",    ""Tomatoes"",    ""Onion"",    ""Garlic"",    ""Cumin"",    ""Oregano"",    ""Bay leaves"",    ""Cloves"",    ""Cinnamon"",    ""Broth"",    ""Vinegar"",    ""Corn tortillas"",    ""Cheese"",    ""Cilantro"",    ""Lime""]"
69,70,Mediterranean,Grilled Chicken Shawarma Plate,9.25,8e9a0,"[    ""Chicken"",    ""Shawarma Spices"",    ""Olive Oil"",    ""Lemon Juice"",    ""Yogurt"",    ""Garlic"",    ""Onion"",    ""Pita Bread"",    ""Rice"",    ""Tomato"",    ""Cucumber"",    ""Lettuce"",    ""Parsley"",    ""Tahini Sauce"",    ""Garlic Sauce"",    ""Hot Sauce"",    ""Pickled Cucumbers"",    ""Pickled Turnips"",    ""Hummus"",    ""Lemon""]"
70,71,Asian,Vegetable Chow Mein,8.0,1a3f7,"[""Noodles"",""Cabbage"",""Carrots"",""Bell Pepper"",""Onion"",""Garlic"",""Ginger"",""Mushrooms"",""Soy Sauce"",""Sesame Oil"",""Cooking Oil""]"
71,72,Tex-Mex,Spicy Turkey Chili,7.0,9d5f2,"[    ""Ground Turkey"",    ""Onion"",    ""Bell Pepper"",    ""Jalapeno"",    ""Garlic"",    ""Olive Oil"",    ""Chili Powder"",    ""Cumin"",    ""Oregano"",    ""Cayenne Pepper"",    ""Tomato Paste"",    ""Tomato Sauce"",    ""Kidney Beans"",    ""Black Beans"",    ""Chicken Broth""]"
72,73,Seafood,Beer-Battered Haddock,11.0,9b4c2,"[  ""Haddock"",  ""Flour"",  ""Beer"",  ""Salt"",  ""Pepper"",  ""Oil""]"
73,74,Dessert,Mini Donuts,4.0,5c1f8,"[""Flour"",""Sugar"",""Baking"",""Salt"",""Eggs"",""Milk"",""Butter"",""Vanilla""]"
74,75,Burgers,Truffle Burger,11.0,4e2d1,"[    ""Ground Beef"",    ""Burger Buns"",    ""Truffle Oil"",    ""Cheese"",    ""Lettuce"",    ""Tomato"",    ""Onion"",    ""Mayonnaise""]"
75,76,Side,Pickled Cabbage,2.0,7f2c1,"[""Cabbage"",""Vinegar"",""Salt"",""Sugar"",""Water"",""Caraway Seeds""]"
76,77,Thai,Pineapple Fried Rice,9.25,f1c7a,"[    ""Rice"",    ""Pineapple"",    ""Chicken"",    ""Egg"",    ""Onion"",    ""Garlic"",    ""Carrot"",    ""Green peas"",    ""Soy sauce"",    ""Oil"",    ""Scallions""]"
77,78,Thai,Green Curry with Jasmine Rice,9.5,7a8e0,"[    ""Jasmine Rice"",    ""Water"",    ""Green Curry Paste"",    ""Coconut Milk"",    ""Chicken"",    ""Bamboo Shoots"",    ""Eggplant"",    ""Green Beans"",    ""Bell Pepper"",    ""Peas"",    ""Fish Sauce"",    ""Sugar"",    ""Basil"",    ""Lime"",    ""Oil""]"
78,79,Side,Rainbow Slaw,3.25,9a8c5,"[    ""Red Cabbage"",    ""Green Cabbage"",    ""Carrot"",    ""Red Bell Pepper"",    ""Yellow Bell Pepper"",    ""Orange Bell Pepper"",    ""Red Onion"",    ""Apple""]"
79,80,Italian,Margherita Personal Pizza,7.5,3f7e4,"[  ""Dough"",  ""Tomato"",  ""Cheese"",  ""Basil"",  ""Oil"",  ""Salt""]"
80,81,Chinese,Fried Shrimp Dumplings (6),6.5,b0e7f,"[""Dumpling Wrappers"",""Shrimp"",""Ginger"",""Garlic"",""Soy Sauce"",""Sesame Oil"",""Green Onion"",""Cornstarch"",""White Pepper"",""Salt"",""Vegetable Oil""]"
81,82,Indian,Lamb Rogan Josh,11.0,b9e8c,"[    ""Lamb"",    ""Onion"",    ""Tomato"",    ""Ginger"",    ""Garlic"",    ""Yogurt"",    ""Dried Kashmiri Chillies"",    ""Fennel Seeds"",    ""Cumin Seeds"",    ""Coriander Powder"",    ""Turmeric Powder"",    ""Garam Masala"",    ""Bay Leaves"",    ""Green Cardamom"",    ""Black Cardamom"",    ""Cloves"",    ""Cinnamon Stick"",    ""Cooking Oil"",    ""Fresh Coriander Leaves""]"
82,83,Indian,Butter Chicken,10.25,a3e8b,"[    ""Chicken"",    ""Yogurt"",    ""Ginger"",    ""Garlic"",    ""Lemon"",    ""Turmeric"",    ""Red Chili Powder"",    ""Garam Masala"",    ""Coriander Powder"",    ""Cumin Powder"",    ""Butter"",    ""Onion"",    ""Tomato"",    ""Cashews"",    ""Dried Fenugreek Leaves"",    ""Cream"",    ""Sugar"",    ""Salt""]"
83,84,Breakfast,Smoked Salmon Bagel,7.0,3e2b6,"[    ""Bagel"",    ""Smoked Salmon"",    ""Cream Cheese"",    ""Tomato"",    ""Red Onion"",    ""Capers"",    ""Lemon"",    ""Lettuce"",    ""Dill""]"
84,85,Beverage,Kombucha,3.75,5b3d8,"[  ""SCOBY"",  ""Starter Tea"",  ""Tea"",  ""Sugar"",  ""Water""]"
85,86,Mediterranean,Falafel & Couscous Bowl,8.75,1f5b7,"[    ""Chickpeas"",    ""Onion"",    ""Garlic"",    ""Parsley"",    ""Cilantro"",    ""Cumin"",    ""Coriander"",    ""Salt"",    ""Pepper"",    ""Baking Powder"",    ""Flour"",    ""Oil"",    ""Couscous"",    ""Vegetable Broth"",    ""Lettuce"",    ""Tomato"",    ""Cucumber"",    ""Red Onion"",    ""Bell Pepper"",    ""Carrot"",    ""Feta Cheese"",    ""Olives"",    ""Pickles"",    ""Hummus"",    ""Tahini"",    ""Lemon"",    ""Olive Oil""]"
86,87,Beverage,Sangria (non-alcoholic),3.5,2a3e9,"[""Grape juice"",""Orange"",""Lemon"",""Apple"",""Strawberry"",""Sugar"",""Sparkling water""]"
87,88,Beverage,Coconut Water,3.5,3b1c6,['Coconut']
88,89,Breakfast,Classic French Toast,6.5,6f1c4,"[  ""Bread"",  ""Eggs"",  ""Milk"",  ""Sugar"",  ""Butter"",  ""Cinnamon"",  ""Vanilla extract""]"
89,90,Dessert,Cherry Pie,4.75,9c8e2,"[""Flour"",""Butter"",""Water"",""Salt"",""Cherries"",""Sugar"",""Cornstarch"",""Lemon""]"
90,91,Side,Cheesy Breadsticks,4.0,3f7e4,"[  ""Flour"",  ""Water"",  ""Yeast"",  ""Salt"",  ""Sugar"",  ""Oil"",  ""Cheese"",  ""Butter"",  ""Garlic Powder"",  ""Italian Seasoning""]"
91,92,Japanese,Tempura Udon,8.25,5b8d2,"[""Udon Noodles"",""Shrimp"",""Sweet Potato"",""Eggplant"",""Green Beans"",""Onion"",""Flour"",""Ice Water"",""Vegetable Oil"",""Dashi"",""Soy Sauce"",""Mirin"",""Sugar"",""Water"",""Green Onions""]"
92,93,Vietnamese,House Special Pho,9.75,c8d3e,"[    ""Beef broth"",    ""Rice noodles"",    ""Beef"",    ""Beef brisket"",    ""Beef tendon"",    ""Beef tripe"",    ""Beef meatballs"",    ""Onion"",    ""Ginger"",    ""Star anise"",    ""Cinnamon stick"",    ""Fish sauce"",    ""Salt"",    ""Sugar"",    ""Bean sprouts"",    ""Thai basil"",    ""Cilantro"",    ""Mint"",    ""Lime"",    ""Jalapeno"",    ""Hoisin sauce"",    ""Sriracha""]"
93,94,Filipino,Pancit Sotanghon,8.25,8f7c2,"[    ""Sotanghon Noodles"",    ""Chicken Breast"",    ""Carrot"",    ""Cabbage"",    ""Celery Stalk"",    ""Onion"",    ""Garlic Cloves"",    ""Soy Sauce"",    ""Cooking Oil"",    ""Water"",    ""Salt"",    ""Green Onions""]"
94,95,Japanese,Spicy Miso Ramen,9.75,4f0c5,"[""Miso"",""Chicken Stock"",""Soy Sauce"",""Cooking Wine"",""Chili Paste"",""Ramen Noodles"",""Egg"",""Pork"",""Green Onions"",""Seaweed"",""Corn"",""Bean Sprouts""]"
95,96,Contemporary,Gourmet Grilled Cheese,8.0,b0a4f,"[""Bread"",""Cheese"",""Butter"",""Tomato"",""Onion"",""Arugula""]"
96,97,Mexican,Breakfast Burrito,7.5,9f4a2,"[    ""Tortilla"",    ""Eggs"",    ""Cheese"",    ""Bacon"",    ""Potato"",    ""Onion"",    ""Bell Pepper"",    ""Tomato"",    ""Salsa"",    ""Avocado"",    ""Sour Cream"",    ""Cooking Oil"",    ""Salt"",    ""Pepper""]"
97,98,Breakfast,Classic Bagel with Cream Cheese,4.5,3e2b6,"[  ""Bagel"",  ""Cream Cheese""]"
98,99,Japanese,Salmon Teriyaki,10.0,3d9c8,"[  ""Salmon Fillet"",  ""Soy Sauce"",  ""Mirin"",  ""Sugar"",  ""Rice Wine"",  ""Ginger"",  ""Garlic"",  ""Vegetable Oil"",  ""Sesame Seeds"",  ""Green Onion""]"
99,100,American,Chili Cheese Dog,5.0,a4f0b,"[  ""Hot Dogs"",  ""Hot Dog Buns"",  ""Chili"",  ""Cheese"",  ""Onions""]"
100,101,Seafood,Classic Fish & Chips,10.0,5f1d3,"[    ""Cod"",    ""Flour"",    ""Baking Powder"",    ""Water"",    ""Salt"",    ""Pepper"",    ""Potatoes"",    ""Oil"",    ""Lemon"",    ""Vinegar""]"
101,102,Burgers,Spicy Jalapeno Burger,9.0,4e2d1,"[    ""Ground Beef"",    ""Burger Buns"",    ""Cheddar Cheese"",    ""Tomato"",    ""Lettuce"",    ""Red Onion"",    ""Jalapenos"",    ""Mayonnaise"",    ""Salt"",    ""Black Pepper"",    ""Garlic Powder"",    ""Onion Powder""]"
102,103,Japanese,Spicy Tuna Roll,7.5,b3e8f,"[    ""Rice"",    ""Tuna"",    ""Mayonnaise"",    ""Chili Sauce"",    ""Seaweed"",    ""Avocado"",    ""Cucumber"",    ""Sesame Seeds"",    ""Rice Vinegar"",    ""Sugar"",    ""Salt""]"
103,104,Healthy,Superfood Power Bowl,9.75,9f6b0,"[    ""Quinoa"",    ""Spinach"",    ""Chicken"",    ""Avocado"",    ""Broccoli"",    ""Tomato"",    ""Cucumber"",    ""Blueberries"",    ""Almonds"",    ""Lemon"",    ""Olive Oil"",    ""Salt"",    ""Pepper""]"
104,105,Vietnamese,Pho Bo (Beef Noodle Soup),9.0,1d4f2,"[  ""Beef Bones"",  ""Onion"",  ""Ginger"",  ""Star Anise"",  ""Cinnamon Stick"",  ""Cloves"",  ""Fennel Seeds"",  ""Coriander Seeds"",  ""Salt"",  ""Sugar"",  ""Fish Sauce"",  ""Rice Noodles"",  ""Beef"",  ""Bean Sprouts"",  ""Basil"",  ""Cilantro"",  ""Lime"",  ""Jalapeno"",  ""Onion""]"
105,106,Japanese,Volcano Roll,8.75,a9f4e,"[  ""Rice"",  ""Nori"",  ""Imitation Crab"",  ""Mayonnaise"",  ""Sriracha"",  ""Masago"",  ""Scallions"",  ""Eel Sauce"",  ""Sesame Seeds""]"
106,107,Side,Guacamole & Chips,3.5,9f4a2,"[    ""Avocado"",    ""Onion"",    ""Tomato"",    ""Cilantro"",    ""Lime"",    ""Salt"",    ""Jalapeno"",    ""Tortilla Chips""]"
107,108,Indian,Vegetable Biryani,8.75,a3e8b,"[    ""Rice"",    ""Onion"",    ""Tomato"",    ""Ginger"",    ""Garlic"",    ""Green Chili"",    ""Mint"",    ""Coriander"",    ""Yogurt"",    ""Oil"",    ""Potato"",    ""Carrot"",    ""Green Peas"",    ""Cauliflower"",    ""Beans"",    ""Turmeric Powder"",    ""Red Chili Powder"",    ""Coriander Powder"",    ""Cumin Powder"",    ""Garam Masala"",    ""Bay Leaf"",    ""Cinnamon"",    ""Cardamom"",    ""Cloves"",    ""Salt""]"
108,109,Filipino,Pancit Malabon,9.0,f7d1a,"[""Rice noodles"",""Shrimp"",""Pork"",""Squid"",""Smoked fish flakes"",""Pork rinds"",""Eggs"",""Fish sauce"",""Annatto powder"",""Oyster sauce"",""Garlic"",""Onion"",""Green onions"",""Cabbage"",""Black pepper"",""Cooking oil"",""Water"",""Lemon""]"
109,110,Side,Guacamole,2.5,a5c3b,"[""Avocado"",""Onion"",""Tomato"",""Lime"",""Cilantro"",""Salt"",""Jalapeno""]"
110,111,Dessert,Vanilla Custard Donut,2.5,3b7f0,"[  ""Flour"",  ""Sugar"",  ""Yeast"",  ""Milk"",  ""Butter"",  ""Eggs"",  ""Salt"",  ""Cornstarch"",  ""Vanilla Extract"",  ""Oil""]"
111,112,Asian,Soy Braised Beef Noodles,9.75,9b5a0,"[    ""Beef"",    ""Noodles"",    ""Soy Sauce"",    ""Dark Soy Sauce"",    ""Sugar"",    ""Ginger"",    ""Garlic"",    ""Star Anise"",    ""Cinnamon Stick"",    ""Dried Chili"",    ""Scallions"",    ""Bok Choy"",    ""Beef Broth""]"
112,113,Chinese,Pork Siu Mai,5.0,0e1f9,"[""Pork"",""Wonton Wrappers"",""Mushrooms"",""Shrimp"",""Ginger"",""Soy Sauce"",""Sesame Oil"",""Cornstarch"",""Sugar"",""White Pepper"",""Green Onions""]"
113,114,Dessert,Mango Pudding,3.5,0e1f9,"[    ""Mango"",    ""Milk"",    ""Sugar"",    ""Gelatin"",    ""Water""]"
114,115,Filipino,Pancit Canton with Chicken,8.0,f7d1a,"[    ""Pancit Canton Noodles"",    ""Chicken"",    ""Soy Sauce"",    ""Oyster Sauce"",    ""Garlic"",    ""Onion"",    ""Cooking Oil"",    ""Water"",    ""Carrots"",    ""Cabbage"",    ""Green Beans"",    ""Bell Pepper"",    ""Black Pepper"",    ""Salt"",    ""Green Onions""]"
115,116,Breakfast,Bagel with Peanut Butter & Banana,4.75,2b5d7,"[""Bagel"",""Peanut Butter"",""Banana""]"
116,117,Dessert,Cookies & Cream Donut,2.75,3b7f0,"[    ""Flour"",    ""Sugar"",    ""Yeast"",    ""Milk"",    ""Butter"",    ""Eggs"",    ""Salt"",    ""Oil"",    ""Powdered Sugar"",    ""Vanilla Extract"",    ""Chocolate Sandwich Cookies"",    ""Heavy Cream""]"
117,118,Contemporary,Truffle Mac & Cheese,9.5,b0a4f,"[    ""Macaroni"",    ""Cheese"",    ""Milk"",    ""Butter"",    ""Flour"",    ""Salt"",    ""Pepper"",    ""Truffle Oil""]"
118,119,Breakfast,Banana Nut French Toast,7.75,6f1c4,"[""Bread"",""Banana"",""Egg"",""Milk"",""Walnut"",""Sugar"",""Cinnamon"",""Vanilla Extract"",""Butter"",""Maple Syrup"",""Powdered Sugar""]"
119,120,Side,Garlic Bread,3.0,d4f0a,"[  ""Bread"",  ""Garlic"",  ""Butter"",  ""Parsley"",  ""Cheese""]"
120,121,Seafood,Grilled Salmon Fillet,13.0,a6c9f,"[  ""Salmon"",  ""Lemon"",  ""Garlic"",  ""Oil"",  ""Salt"",  ""Pepper"",  ""Herb""]"
121,122,Chinese,Turnip Cake,4.25,7d4e1,"[    ""Daikon Radish"",    ""Rice Flour"",    ""Wheat Starch"",    ""Dried Shrimp"",    ""Chinese Sausage"",    ""Dried Shiitake Mushrooms"",    ""Shallots"",    ""Cooking Oil"",    ""Salt"",    ""Sugar"",    ""White Pepper"",    ""Soy Sauce"",    ""Oyster Sauce""]"
122,123,Side,Cornbread,2.5,7c1a9,"[  ""Cornmeal"",  ""Flour"",  ""Sugar"",  ""Baking Powder"",  ""Salt"",  ""Egg"",  ""Milk"",  ""Butter""]"
123,124,Mexican,Taco Salad Bowl,8.25,7d3c1,"[  ""Lettuce"",  ""Ground beef"",  ""Taco seasoning"",  ""Tomato"",  ""Cheese"",  ""Onion"",  ""Black beans"",  ""Corn"",  ""Salsa"",  ""Sour cream"",  ""Avocado"",  ""Tortilla chips""]"
124,125,Side,Miso Soup,2.5,b3e8f,"[    ""Dashi Stock"",    ""Miso Paste"",    ""Tofu"",    ""Wakame Seaweed"",    ""Green Onions""]"
125,126,French,Coq au Vin,13.5,2f3d7,"[    ""Chicken"",    ""Red wine"",    ""Bacon"",    ""Onion"",    ""Carrot"",    ""Celery"",    ""Mushroom"",    ""Garlic"",    ""Thyme"",    ""Bay leaf"",    ""Parsley"",    ""Chicken broth"",    ""Butter"",    ""Flour"",    ""Salt"",    ""Pepper""]"
126,127,Breakfast,Ham & Cheese Bagel Melt,5.5,2b5d7,"[    ""Bagel"",    ""Ham"",    ""Cheese"",    ""Butter"",    ""Tomato"",    ""Lettuce""]"
127,128,Side,House Salad,3.75,6f5a0,"[  ""Lettuce"",  ""Tomato"",  ""Cucumber"",  ""Carrot"",  ""Onion"",  ""Cheese""]"
128,129,Side,Tartar Sauce,0.75,9b4c2,"[  ""Mayonnaise"",  ""Pickles"",  ""Capers"",  ""Lemon"",  ""Mustard"",  ""Onion"",  ""Parsley"",  ""Salt"",  ""Pepper""]"
129,130,Japanese,Dragon Roll,9.25,b3e8f,"[    ""Rice"",    ""Seaweed"",    ""Eel"",    ""Cucumber"",    ""Avocado"",    ""Crab Meat"",    ""Mayonnaise"",    ""Eel Sauce"",    ""Sesame Seeds""]"
130,131,Korean,Fried Chicken Wings (Yangnyeom),8.75,2d7a9,"[    ""Chicken wings"",    ""All-purpose flour"",    ""Cornstarch"",    ""Salt"",    ""Black pepper"",    ""Garlic powder"",    ""Onion powder"",    ""Egg"",    ""Milk"",    ""Vegetable oil"",    ""Gochujang"",    ""Ketchup"",    ""Rice vinegar"",    ""Soy sauce"",    ""Honey"",    ""Sugar"",    ""Garlic"",    ""Ginger"",    ""Sesame oil"",    ""Sesame seeds"",    ""Water""]"
131,132,Dessert,Pumpkin Pie,5.0,8b7a3,"[""Flour"",""Butter"",""Sugar"",""Salt"",""Water"",""Pumpkin"",""Eggs"",""Milk"",""Cinnamon"",""Ginger"",""Nutmeg"",""Cloves""]"
132,133,Asian,Tofu Veggie Rice Bowl,8.25,7f4d2,"[""Tofu"",""Rice"",""Tomato"",""Cucumber"",""Carrot"",""Lettuce"",""Onion"",""Bell Pepper"",""Corn"",""Broccoli"",""Avocado"",""Soy Sauce"",""Sesame Oil"",""Rice Vinegar"",""Honey"",""Ginger"",""Garlic"",""Lime"",""Sriracha"",""Sesame Seeds"",""Green Onion""]"
133,134,Indian,Chana Masala,8.25,b2d8e,"[""Chickpeas"",""Tomato"",""Onion"",""Ginger"",""Garlic"",""Green Chili"",""Garam Masala"",""Coriander Powder"",""Turmeric Powder"",""Cumin Powder"",""Red Chili Powder"",""Oil"",""Water"",""Cilantro"",""Lemon Juice""]"
134,135,Japanese,Vegetarian Ramen,8.75,2f7b5,"[    ""Ramen Noodles"",    ""Vegetable Broth"",    ""Soy Sauce"",    ""Miso Paste"",    ""Sesame Oil"",    ""Garlic"",    ""Ginger"",    ""Tofu"",    ""Mushrooms"",    ""Spinach"",    ""Corn"",    ""Green Onions"",    ""Bamboo Shoots"",    ""Bean Sprouts"",    ""Bok Choy"",    ""Carrot"",    ""Nori Seaweed""]"
135,136,American,Classic Beef Hot Dog,4.0,a4f0b,"[    ""Beef Hot Dog"",    ""Hot Dog Bun"",    ""Ketchup"",    ""Mustard"",    ""Onion"",    ""Relish""]"
136,137,Side,Onion Rings,3.25,0c5d8,"[    ""Onions"",    ""Flour"",    ""Breadcrumbs"",    ""Eggs"",    ""Milk"",    ""Oil"",    ""Salt"",    ""Pepper"",    ""Paprika"",    ""Garlic Powder""]"
137,138,Chinese,Shrimp Har Gow,5.5,0e1f9,"[""Shrimp"",""Bamboo Shoots"",""Pork"",""Tapioca Starch"",""Wheat Starch"",""Water"",""Salt"",""Sugar"",""White Pepper"",""Sesame Oil""]"
138,139,Vietnamese,Shrimp Pho,10.0,c8d3e,"[    ""Broth"",    ""Rice noodles"",    ""Shrimp"",    ""Onion"",    ""Ginger"",    ""Spices"",    ""Bean sprouts"",    ""Basil"",    ""Mint"",    ""Cilantro"",    ""Lime"",    ""Chili"",    ""Hoisin sauce""]"
139,140,Mediterranean,Veggie Shawarma Bowl,8.25,1c2e6,"[    ""Rice"",    ""Bell Pepper"",    ""Onion"",    ""Mushroom"",    ""Chickpeas"",    ""Lettuce"",    ""Tomato"",    ""Cucumber"",    ""Tahini"",    ""Yogurt"",    ""Lemon"",    ""Garlic"",    ""Olive Oil"",    ""Shawarma Seasoning"",    ""Pickles"",    ""Olives"",    ""Feta Cheese""]"
140,141,Thai,Vegetarian Red Curry,8.75,7a8e0,"[""Red Curry Paste"",""Coconut Milk"",""Red Bell Pepper"",""Green Bell Pepper"",""Bamboo Shoots"",""Baby Corn"",""Broccoli"",""Carrots"",""Peas"",""Green Beans"",""Potatoes"",""Eggplant"",""Tofu"",""Onion"",""Garlic"",""Ginger"",""Cilantro"",""Basil"",""Lime Leaves"",""Soy Sauce"",""Sugar"",""Cooking Oil"",""Salt""]"
141,142,Beverage,Latte,3.0,0e7a4,"[  ""Coffee"",  ""Milk""]"
142,143,BBQ,Grilled Corn on the Cob,3.0,e8c2b,"[  ""Corn on the cob"",  ""Butter"",  ""Salt"",  ""Pepper""]"
143,144,Side,Mashed Potatoes with Gravy,3.25,0e1b3,"[  ""Potato"",  ""Milk"",  ""Butter"",  ""Salt"",  ""Pepper"",  ""Broth"",  ""Flour"",  ""Onion""]"
144,145,Side,Pickled Ginger,1.5,a9f4e,"[  ""Ginger"",  ""Vinegar"",  ""Sugar"",  ""Salt"",  ""Water"",  ""Beetroot""]"
145,146,Side,Paratha,2.5,2a9c5,"[""Wheat Flour"",""Water"",""Salt"",""Oil"",""Potato"",""Onion"",""Spinach"",""Cheese""]"
146,147,Seafood,Classic Fish & Chips,10.5,9b4c2,"[""Cod fillet"",""Flour"",""Baking Powder"",""Salt"",""Pepper"",""Beer"",""Potatoes"",""Oil"",""Lemon"",""Malt Vinegar""]"
147,148,Italian,Four Cheese Pizza,9.75,4b1d7,"[""Pizza Dough"",""Tomato Sauce"",""Mozzarella Cheese"",""Parmesan Cheese"",""Blue Cheese"",""Fontina Cheese""]"
148,149,Dessert,Maple Bacon Donut,2.75,e9a1c,"[""Flour"",""Sugar"",""Yeast"",""Milk"",""Egg"",""Butter"",""Salt"",""Maple Syrup"",""Powdered Sugar"",""Bacon""]"
149,150,Breakfast,Strawberries & Cream Waffle,7.25,e3b2d,"[    ""Flour"",    ""Sugar"",    ""Baking Powder"",    ""Salt"",    ""Milk"",    ""Egg"",    ""Butter"",    ""Strawberries"",    ""Cream"",    ""Vanilla Extract""]"
150,151,Dessert,Baklava,3.5,8e9a0,"[    ""Pastry Sheets"",    ""Nuts"",    ""Butter"",    ""Sugar"",    ""Water"",    ""Honey"",    ""Lemon"",    ""Cinnamon""]"
151,152,Beverage,Hot Chocolate,2.75,3b7f0,"[""Chocolate"",""Milk"",""Sugar"",""Water"",""Vanilla"",""Salt""]"
152,153,Breakfast,Everything Bagel,3.5,2b5d7,"[    ""Everything Bagel"",    ""Cream Cheese"",    ""Tomato"",    ""Lettuce"",    ""Red Onion"",    ""Cheddar Cheese"",    ""Smoked Salmon""]"
153,154,Mediterranean,Lamb Shawarma Wrap,9.25,1a5f4,"[    ""Lamb"",    ""Pita Bread"",    ""Tomato"",    ""Lettuce"",    ""Onion"",    ""Cucumber"",    ""Parsley"",    ""Tahini Sauce"",    ""Hummus""]"
154,155,Dessert,Rasgulla,3.25,b2d8e,"[""Paneer"",""Sugar"",""Water"",""Lemon"",""Cardamom""]"
155,156,Side,Kimchi,2.0,c5a8e,"[""Cabbage"",""Radish"",""Green Onion"",""Garlic"",""Ginger"",""Chili Powder"",""Fish Sauce"",""Salt"",""Sugar""]"
156,157,BBQ,Pulled Pork Sandwich,9.0,2a1c4,"[  ""Pulled Pork"",  ""Burger buns"",  ""BBQ Sauce"",  ""Coleslaw"",  ""Pickles"",  ""Onion"",  ""Cheese"",  ""Tomato"",  ""Lettuce""]"
157,158,Mediterranean,Chicken Shawarma Wrap,8.5,1c2e6,"[    ""Chicken"",    ""Pita Bread"",    ""Tomato"",    ""Cucumber"",    ""Lettuce"",    ""Onion"",    ""Tahini Sauce"",    ""Garlic Sauce"",    ""Yogurt"",    ""Pickled Cucumber""]"
158,159,Mediterranean,Beef Kabob Platter,11.5,1f5b7,"[    'Beef',    'Onion',    'Garlic',    'Olive Oil',    'Lemon Juice',    'Paprika',    'Cumin',    'Coriander',    'Turmeric',    'Black Pepper',    'Salt',    'Bell Pepper',    'Cherry Tomato',    'Zucchini',    'Rice',    'Lettuce',    'Tomato',    'Cucumber',    'Red Onion',    'Pita Bread',    'Hummus',    'Tzatziki']"
159,160,Healthy,Southwest Chicken Salad,8.75,6d8e2,"[    ""Chicken"",    ""Lettuce"",    ""Tomato"",    ""Corn"",    ""Black Beans"",    ""Avocado"",    ""Onion"",    ""Bell Pepper"",    ""Cheese"",    ""Cilantro""]"
160,161,BBQ,Smoked Sausage Platter,11.0,e8c2b,"[    ""Smoked Sausage"",    ""Cheese"",    ""Crackers"",    ""Mustard"",    ""Pickles"",    ""Olives"",    ""Bread"",    ""Tomato"",    ""Lettuce"",    ""Onion""]"
161,162,American,Boneless Wings Combo,8.25,6c3f2,"[    ""Chicken"",    ""Breadcrumbs"",    ""Flour"",    ""Egg"",    ""Milk"",    ""Paprika"",    ""Garlic Powder"",    ""Onion Powder"",    ""Salt"",    ""Pepper"",    ""Oil"",    ""Potato"",    ""Mayonnaise"",    ""Sour Cream"",    ""Dill"",    ""Cola""]"
162,163,Beverage,Thai Iced Tea,3.25,f1c7a,"[  ""Thai Tea Mix"",  ""Water"",  ""Sugar"",  ""Milk"",  ""Ice""]"
163,164,Beverage,Detox Green Juice,4.0,6d8e2,"[  ""Spinach"",  ""Cucumber"",  ""Green Apple"",  ""Celery"",  ""Lemon"",  ""Ginger""]"
164,165,Side,Whipped Cream Scoop,1.25,9c8e2,"[  ""Cream"",  ""Sugar"",  ""Vanilla""]"
165,166,Dessert,Red Bean Sesame Balls,3.25,b0e7f,"[  ""Rice Flour"",  ""Sugar"",  ""Water"",  ""Oil"",  ""Red Beans"",  ""Sesame Seeds""]"
166,167,Side,Spring Rolls (2 pcs),3.25,b7a3e,"[  ""Rice paper wrappers"",  ""Shrimp"",  ""Lettuce"",  ""Mint"",  ""Cilantro"",  ""Vermicelli noodles"",  ""Carrot"",  ""Cucumber""]"
167,168,American,Spicy BBQ Wings (6 pcs),7.5,6c3f2,"[""Chicken Wings"",""BBQ Sauce"",""Chili Powder"",""Hot Sauce"",""Brown Sugar"",""Vinegar"",""Oil"",""Salt"",""Pepper"",""Garlic Powder"",""Onion Powder""]"
168,169,Side,Crinkle Cut Fries,2.75,a4f0b,"[  ""Potato"",  ""Oil"",  ""Salt""]"
169,170,Healthy,Berry Almond Salad,9.25,6d8e2,"[""Lettuce"",""Strawberries"",""Blueberries"",""Raspberries"",""Almonds"",""Feta Cheese""]"
170,171,Hawaiian,Chicken Teriyaki Poke Bowl,9.5,4a7c1,"[    ""Rice"",    ""Chicken"",    ""Soy Sauce"",    ""Mirin"",    ""Sugar"",    ""Ginger"",    ""Garlic"",    ""Cornstarch"",    ""Sesame Oil"",    ""Avocado"",    ""Cucumber"",    ""Edamame"",    ""Seaweed Salad"",    ""Sesame Seeds"",    ""Green Onion""]"
171,172,Japanese,Chirashi Don,12.0,a9f4e,"[    ""Rice"",    ""Salmon"",    ""Tuna"",    ""Shrimp"",    ""Egg"",    ""Cucumber"",    ""Carrot"",    ""Avocado"",    ""Seaweed"",    ""Soy sauce"",    ""Rice vinegar"",    ""Sugar"",    ""Salt""]"
172,173,Mexican,Carnitas Tacos,7.5,f3b8d,"[  ""Pork"",  ""Orange"",  ""Lime"",  ""Onion"",  ""Garlic"",  ""Bay Leaves"",  ""Salt"",  ""Pepper"",  ""Oil"",  ""Corn Tortillas"",  ""Cilantro"",  ""Salsa"",  ""Avocado""]"
173,174,Breakfast,Savory Bacon & Egg Waffle,8.25,5d9e3,"[  ""Waffles"",  ""Bacon"",  ""Eggs"",  ""Cheese"",  ""Tomato"",  ""Lettuce"",  ""Onion"",  ""Butter"",  ""Salt"",  ""Pepper""]"
174,175,Korean,Bulgogi Beef Platter,12.5,c5a8e,"[""Beef"",""Soy sauce"",""Sugar"",""Sesame oil"",""Garlic"",""Ginger"",""Onion"",""Pear"",""Green onions"",""Black pepper"",""Rice"",""Lettuce"",""Kimchi"",""Sesame seeds""]"
175,176,Healthy,Lentil & Beetroot Salad,8.5,6d8e2,"[  ""Lentils"",  ""Beetroot"",  ""Lettuce"",  ""Red Onion"",  ""Feta Cheese"",  ""Walnuts"",  ""Lemon"",  ""Olive Oil"",  ""Salt"",  ""Pepper"",  ""Parsley""]"
176,177,Vietnamese,Brisket Pho,9.25,c8d3e,"[    ""Beef brisket"",    ""Beef bones"",    ""Rice noodles"",    ""Onion"",    ""Ginger"",    ""Star anise"",    ""Cinnamon stick"",    ""Cloves"",    ""Fish sauce"",    ""Salt"",    ""Sugar"",    ""Bean sprouts"",    ""Thai basil"",    ""Cilantro"",    ""Lime"",    ""Jalapeno"",    ""Hoisin sauce"",    ""Sriracha"",    ""Green onions""]"
177,178,Side,Baked Beans,2.75,f8a3d,"[""Beans"",""Tomato"",""Onion"",""Sugar"",""Mustard"",""Molasses"",""Bacon"",""Vinegar"",""Salt"",""Pepper""]"
178,179,American,Roast Beef & Cheddar Sandwich,8.25,8a2c6,"[    ""Bread"",    ""Roast Beef"",    ""Cheddar Cheese"",    ""Mustard"",    ""Mayonnaise"",    ""Lettuce"",    ""Tomato"",    ""Onion""]"
179,180,Dessert,Key Lime Pie,5.0,9c8e2,"[""Crackers"",""Butter"",""Sugar"",""Lime"",""Condensed Milk"",""Eggs"",""Cream""]"
180,181,Beverage,Lemon Iced Tea,2.75,5f1d3,"[  ""Tea"",  ""Water"",  ""Lemon"",  ""Sugar"",  ""Ice""]"
181,182,Dressing,Honey Mustard Dressing,0.75,4d9f1,"[  ""Mustard"",  ""Honey"",  ""Mayonnaise"",  ""Vinegar"",  ""Oil"",  ""Salt"",  ""Pepper""]"
182,183,Side,Nachos with Salsa,4.0,b4a8f,"[  ""Tortilla chips"",  ""Cheese"",  ""Tomato"",  ""Onion"",  ""Jalapeno"",  ""Cilantro"",  ""Lime"",  ""Salt""]"
183,184,Dessert,Crepe Ice Cream Roll,5.5,e7a2f,"[    ""Flour"",    ""Egg"",    ""Milk"",    ""Butter"",    ""Sugar"",    ""Salt"",    ""Ice Cream"",    ""Strawberry"",    ""Chocolate Syrup"",    ""Whipped Cream""]"
184,185,Mexican,Steak Burrito,9.0,9f4a2,"[""Steak"",""Tortilla"",""Rice"",""Beans"",""Salsa"",""Cheese"",""Lettuce"",""Tomato"",""Onion"",""Cilantro"",""Lime"",""Avocado"",""Sour Cream"",""Salt"",""Pepper"",""Oil""]"
185,186,Breakfast,Classic Belgian Waffle,6.5,e3b2d,"[""Flour"",""Sugar"",""Baking powder"",""Baking soda"",""Salt"",""Egg"",""Milk"",""Butter"",""Vanilla""]"
186,187,Asian,Spicy Pork Rice Bowl,9.25,d6e4a,"[    ""Rice"",    ""Pork"",    ""Soy Sauce"",    ""Sesame Oil"",    ""Garlic"",    ""Ginger"",    ""Chili Flakes"",    ""Sugar"",    ""Lettuce"",    ""Tomato"",    ""Onion"",    ""Cucumber"",    ""Carrot"",    ""Sesame Seeds"",    ""Green Onion""]"
187,188,Healthy,BBQ Tempeh Salad,8.75,9f6b0,"[    ""Tempeh"",    ""BBQ Sauce"",    ""Lettuce"",    ""Tomato"",    ""Cucumber"",    ""Red Onion"",    ""Corn"",    ""Bell Pepper"",    ""Avocado"",    ""Cheese""]"
188,189,Side,Potato Chips,2.0,0c6e4,"[  ""Potato"",  ""Oil"",  ""Salt""]"
189,190,Chinese,Chicken Dumplings (8),6.0,b0e7f,"[    ""Flour"",    ""Water"",    ""Salt"",    ""Chicken"",    ""Onion"",    ""Ginger"",    ""Garlic"",    ""Soy sauce"",    ""Sesame oil"",    ""Green onions"",    ""Cabbage"",    ""Pepper"",    ""Chicken broth"",    ""Carrots"",    ""Celery""]"
190,191,Asian,Soba Noodles with Veggies,8.5,d4f7a,"[    ""Soba Noodles"",    ""Carrots"",    ""Bell Pepper"",    ""Onion"",    ""Garlic"",    ""Ginger"",    ""Spinach"",    ""Mushrooms"",    ""Broccoli"",    ""Soy Sauce"",    ""Sesame Oil"",    ""Rice Vinegar"",    ""Sugar"",    ""Green Onions"",    ""Sesame Seeds""]"
191,192,Fried Chicken,Fried Chicken Sandwich,7.75,7c1a9,"[    ""Chicken"",    ""Burger buns"",    ""Flour"",    ""Spices"",    ""Egg"",    ""Cooking Oil"",    ""Lettuce"",    ""Tomato"",    ""Cheese"",    ""Mayonnaise""]"
192,193,Dessert,Boston Cream Donut,2.25,e9a1c,"[""Flour"",""Yeast"",""Sugar"",""Milk"",""Butter"",""Eggs"",""Salt"",""Cornstarch"",""Vanilla"",""Chocolate""]"
193,194,Indian,Chicken Tikka Masala,10.5,6a0c3,"[""Chicken"",""Yogurt"",""Lemon"",""Ginger"",""Garlic"",""Turmeric"",""Cumin"",""Coriander"",""Chili Powder"",""Garam Masala"",""Tomato"",""Onion"",""Cream"",""Butter"",""Salt"",""Oil""]"
194,195,BBQ,BBQ Bacon Cheeseburger,11.5,f8a3d,"[  ""Ground Beef"",  ""Burger Buns"",  ""Cheese"",  ""Bacon"",  ""BBQ Sauce"",  ""Tomato"",  ""Lettuce"",  ""Onion"",  ""Pickles""]"
195,196,Tex-Mex,Classic Beef Chili,6.75,9d5f2,"[    ""Beef"",    ""Tomato"",    ""Beans"",    ""Onion"",    ""Chili Peppers"",    ""Garlic"",    ""Broth"",    ""Cumin"",    ""Oregano"",    ""Paprika"",    ""Salt"",    ""Pepper"",    ""Oil""]"
196,197,Dessert,Apple Crumble Pie,4.5,8b7a3,"[""Flour"",""Butter"",""Sugar"",""Water"",""Apples"",""Cinnamon"",""Oats"",""Lemon""]"
197,198,American,Korean Fried Wings (6 pcs),8.0,6c3f2,"[    ""Chicken wings"",    ""Soy sauce"",    ""Garlic"",    ""Ginger"",    ""Black pepper"",    ""Salt"",    ""All-purpose flour"",    ""Cornstarch"",    ""Baking powder"",    ""Water"",    ""Gochujang"",    ""Honey"",    ""Rice vinegar"",    ""Sesame oil"",    ""Sesame seeds""]"
198,199,Asian,Kung Pao Chicken,9.25,1a3f7,"[    ""Chicken"",    ""Peanuts"",    ""Dried Chili"",    ""Sichuan Peppercorns"",    ""Scallions"",    ""Garlic"",    ""Ginger"",    ""Soy Sauce"",    ""Vinegar"",    ""Sugar"",    ""Cornstarch"",    ""Cooking Oil"",    ""Water"",    ""Bell Pepper"",    ""Carrot"",    ""Sesame Oil""]"
199,200,French,Spinach & Feta Crepe,7.25,0e7a4,"[  ""Flour"",  ""Milk"",  ""Eggs"",  ""Butter"",  ""Salt"",  ""Spinach"",  ""Feta Cheese"",  ""Onion"",  ""Garlic"",  ""Olive Oil"",  ""Black Pepper"",  ""Nutmeg""]"
200,201,Italian,Mushroom & Truffle Pizza,10.75,6f5a0,"[    ""Pizza Dough"",    ""Tomato Sauce"",    ""Mozzarella Cheese"",    ""Mushrooms"",    ""Truffle Oil"",    ""Garlic"",    ""Onion"",    ""Parsley"",    ""Salt"",    ""Pepper"",    ""Olive Oil""]"
201,202,Seafood,Shrimp Basket,9.5,b9e5f,"[""Shrimp"",""Flour"",""Breadcrumbs"",""Seasoning"",""Oil"",""Potatoes"",""Salt"",""Cabbage"",""Carrot"",""Mayonnaise"",""Lemon"",""Tartar Sauce""]"
202,203,Mexican,Veggie Tacos with Black Beans,6.75,e8b3c,"[""Taco Shells"",""Black Beans"",""Onion"",""Bell Pepper"",""Tomato"",""Lettuce"",""Cheese"",""Olive Oil"",""Cumin"",""Salt""]"
203,204,Breakfast,Chicken & Waffles,9.0,e3b2d,"[  ""Chicken"",  ""Flour"",  ""Egg"",  ""Milk"",  ""Butter"",  ""Sugar"",  ""Baking Powder"",  ""Salt"",  ""Pepper"",  ""Paprika"",  ""Garlic Powder"",  ""Onion Powder"",  ""Oil"",  ""Maple Syrup"",  ""Hot Sauce""]"
204,205,American,Chicken Pesto Sandwich,8.5,8a2c6,"[  ""Chicken"",  ""Pesto"",  ""Bread"",  ""Cheese"",  ""Tomato"",  ""Lettuce""]"
205,206,Side,Garlic Mashed Potatoes,4.0,a1b5e,"[  ""Potato"",  ""Garlic"",  ""Milk"",  ""Butter"",  ""Salt"",  ""Pepper""]"
206,207,Side,Mango Chutney,1.75,b9e8c,"['Mango','Sugar','Vinegar','Ginger','Garlic','Chili','Salt','Mustard Seeds','Cumin Seeds','Onion','Raisins']"
207,208,Mexican,Spicy Shrimp Tacos,8.0,f3b8d,"[    ""Shrimp"",    ""Tortillas"",    ""Chili powder"",    ""Cumin"",    ""Paprika"",    ""Salt"",    ""Pepper"",    ""Garlic powder"",    ""Tomato"",    ""Lettuce"",    ""Onion"",    ""Cilantro"",    ""Cheese"",    ""Lime"",    ""Avocado"",    ""Jalapeno"",    ""Oil""]"
208,209,Filipino,Pancit Bihon with Shrimp,8.5,f7d1a,"[    ""Pancit Bihon noodles"",    ""Shrimp"",    ""Carrots"",    ""Cabbage"",    ""String beans"",    ""Onion"",    ""Garlic"",    ""Soy sauce"",    ""Oyster sauce"",    ""Chicken broth"",    ""Cooking oil"",    ""Black pepper"",    ""Green onions""]"
209,210,Asian,Vietnamese Pho with Beef,10.0,d4f7a,"[    ""Beef bones"",    ""Onion"",    ""Ginger"",    ""Star anise"",    ""Cloves"",    ""Cinnamon stick"",    ""Coriander seeds"",    ""Fennel seeds"",    ""Salt"",    ""Sugar"",    ""Fish sauce"",    ""Beef brisket"",    ""Beef steak"",    ""Rice noodles"",    ""Bean sprouts"",    ""Thai basil"",    ""Mint"",    ""Cilantro"",    ""Green onions"",    ""Lime"",    ""Jalapeño"",    ""Hoisin sauce"",    ""Sriracha""]"
210,211,Mexican,Al Pastor Tacos,7.75,7d3c1,"[    ""Pork"",    ""Pineapple"",    ""Onion"",    ""Tortillas"",    ""Lime"",    ""Cilantro"",    ""Salsa"",    ""Achiote"",    ""Vinegar"",    ""Orange"",    ""Garlic"",    ""Spices"",    ""Oil""]"
211,212,Beverage,Root Beer Float,3.5,d3b6a,"[  ""Root Beer"",  ""Ice Cream""]"
212,213,Spanish,Gambas al Ajillo (Garlic Shrimp),7.5,2a3e9,"[  ""Shrimp"",  ""Garlic"",  ""Olive Oil"",  ""Chili Peppers"",  ""Parsley"",  ""Salt"",  ""Pepper"",  ""Lemon"",  ""Bread""]"
213,214,Indian,Vegetable Korma,8.75,b9e8c,"[    ""Onion"",    ""Tomato"",    ""Ginger"",    ""Garlic"",    ""Green chili"",    ""Cauliflower"",    ""Potato"",    ""Peas"",    ""Carrot"",    ""Green beans"",    ""Cashews"",    ""Yogurt"",    ""Coconut milk"",    ""Coriander powder"",    ""Cumin powder"",    ""Turmeric powder"",    ""Garam masala"",    ""Salt"",    ""Sugar"",    ""Bay leaf"",    ""Cinnamon stick"",    ""Cardamom pod"",    ""Clove"",    ""Cooking oil"",    ""Fresh coriander leaf""]"
214,215,Italian,Pepperoni Pizza Slice,3.0,3f7e4,"[""Pizza Dough"",""Tomato Sauce"",""Cheese"",""Pepperoni""]"
215,216,Beverage,Cappuccino,3.25,6f1c4,"[  ""Coffee"",  ""Milk"",  ""Cocoa""]"
216,217,Chinese,Spicy Wontons in Chili Oil,6.25,7f2c1,"[  ""Ground Pork"",  ""Wonton Wrappers"",  ""Soy Sauce"",  ""Ginger"",  ""Garlic"",  ""Green Onion"",  ""Sesame Oil"",  ""Egg"",  ""Dried Chili Flakes"",  ""Vegetable Oil"",  ""Sugar"",  ""Sichuan Peppercorns""]"
217,218,Side,Seasoned Curly Fries,3.5,b9e5f,"[  ""Potatoes"",  ""Salt"",  ""Pepper"",  ""Paprika"",  ""Garlic Powder"",  ""Onion Powder"",  ""Cayenne Pepper"",  ""Oil""]"
218,219,Healthy,Greek Salad with Feta,8.5,3b1c6,"[  ""Tomato"",  ""Cucumber"",  ""Red Onion"",  ""Green Bell Pepper"",  ""Kalamata Olives"",  ""Feta Cheese"",  ""Olive Oil"",  ""Red Wine Vinegar"",  ""Dried Oregano"",  ""Salt"",  ""Black Pepper""]"
219,220,Japanese,Chicken Karaage Ramen,9.75,2f7b5,"[    ""Chicken Broth"",    ""Soy Sauce"",    ""Mirin"",    ""Ginger"",    ""Garlic"",    ""Green Onion"",    ""Salt"",    ""Pepper"",    ""Ramen Noodles"",    ""Chicken Thighs"",    ""Potato Starch"",    ""Flour"",    ""Oil"",    ""Egg"",    ""Seaweed"",    ""Corn"",    ""Spinach"",    ""Sesame Seeds""]"
220,221,Beverage,Strawberry Protein Smoothie,6.5,5e7b2,"[  ""Strawberry"",  ""Protein powder"",  ""Milk"",  ""Yogurt"",  ""Banana"",  ""Ice""]"
221,222,Beverage,Freshly Brewed Coffee,2.5,3e2b6,"[  ""Coffee Beans"",  ""Water""]"
222,223,Snack,Granola Yogurt Parfait,4.25,c9f0b,"[""Granola"",""Greek Yogurt"",""Strawberries"",""Blueberries"",""Banana""]"
223,224,Asian,Beef Ramen Bowl,9.75,b7a3e,"[    ""Ramen noodles"",    ""Beef"",    ""Beef broth"",    ""Soy sauce"",    ""Mirin"",    ""Garlic"",    ""Ginger"",    ""Green onion"",    ""Egg"",    ""Bok choy"",    ""Mushroom"",    ""Bean sprouts"",    ""Sesame oil"",    ""Chili oil"",    ""Nori seaweed""]"
224,225,Mediterranean,Baba Ghanoush with Pita,6.0,6a9c1,"[  ""Eggplant"",  ""Tahini"",  ""Lemon"",  ""Garlic"",  ""Olive Oil"",  ""Salt"",  ""Pepper"",  ""Parsley"",  ""Pita Bread""]"
225,226,Mexican,Chorizo & Egg Breakfast Taco,6.5,a5c3b,"[    ""Chorizo"",    ""Eggs"",    ""Tortillas"",    ""Cheese"",    ""Onion"",    ""Tomato"",    ""Cilantro"",    ""Jalapeno"",    ""Oil"",    ""Salt"",    ""Pepper""]"
226,227,Side,Seaweed Salad,3.0,8f2a6,"[  ""Wakame Seaweed"",  ""Soy Sauce"",  ""Rice Vinegar"",  ""Sesame Oil"",  ""Sugar"",  ""Ginger"",  ""Garlic"",  ""Sesame Seeds""]"
227,228,Side,Thai Fish Cakes,4.0,d4f7a,"[    ""Fish"",    ""Red Curry Paste"",    ""Lime Leaves"",    ""Green Beans"",    ""Fish Sauce"",    ""Egg"",    ""Cornstarch"",    ""Oil"",    ""Cucumber"",    ""Chili Sauce""]"
228,229,American,Tuna Melt,7.25,0c6e4,"[  ""Bread"",  ""Tuna"",  ""Mayonnaise"",  ""Cheese"",  ""Butter"",  ""Tomato"",  ""Onion"",  ""Celery"",  ""Black Pepper"",  ""Salt""]"
229,230,Thai,Pad Thai with Chicken,9.0,7a8e0,"[""Rice Noodles"",""Chicken"",""Garlic"",""Shallots"",""Dried Shrimp"",""Bean Sprouts"",""Chives"",""Lime"",""Red Onion"",""Carrot"",""Fish Sauce"",""Tamarind Paste"",""Palm Sugar"",""Soy Sauce"",""Rice Vinegar"",""Chili Flakes"",""Peanuts"",""Cilantro""]"
230,231,Seafood,Seafood Paella,14.5,a6c9f,"[    ""Rice"",    ""Shrimp"",    ""Mussels"",    ""Clams"",    ""Squid"",    ""Onion"",    ""Bell Pepper"",    ""Peas"",    ""Tomato"",    ""Fish Broth"",    ""Olive Oil"",    ""Saffron"",    ""Garlic"",    ""Lemon"",    ""Parsley"",    ""Salt"",    ""Pepper""]"
231,232,American,Grilled Veggie Panini,7.75,8a2c6,"[""Bread"",""Cheese"",""Tomato"",""Onion"",""Bell Pepper"",""Zucchini"",""Mushroom"",""Olive Oil"",""Salt"",""Pepper""]"
232,233,Side,Olive Mix,2.25,5e0b4,"[    ""Green Olives"",    ""Black Olives"",    ""Pimientos"",    ""Garlic"",    ""Olive Oil"",    ""Vinegar"",    ""Spices""]"
233,234,American,New York Style Dog,4.25,d3b6a,"[""Hot Dog Bun"",""Hot Dog"",""Mustard"",""Sauerkraut"",""Onion""]"
234,235,Breakfast,Buttermilk Pancakes,6.0,3c7e9,"[  ""Flour"",  ""Sugar"",  ""Baking Powder"",  ""Baking Soda"",  ""Salt"",  ""Egg"",  ""Buttermilk"",  ""Butter""]"
235,236,Asian,Seafood Laksa Noodles,10.25,9b5a0,"[    ""Dried Chili"",    ""Fresh Chili"",    ""Shallot"",    ""Garlic"",    ""Ginger"",    ""Turmeric"",    ""Lemongrass"",    ""Galangal"",    ""Coriander Seed"",    ""Cumin Seed"",    ""Nut"",    ""Shrimp Paste"",    ""Lime Leaf"",    ""Chicken Broth"",    ""Coconut Milk"",    ""Water"",    ""Rice Noodles"",    ""Shrimp"",    ""Mussel"",    ""Squid"",    ""Fish Cake"",    ""Crab Stick"",    ""Bean Sprout"",    ""Bok Choy"",    ""Eggplant"",    ""Green Bean"",    ""Tofu Puff"",    ""Coriander"",    ""Mint"",    ""Laksa Leaf"",    ""Fried Shallot"",    ""Lime""]"
236,237,Asian,Sesame Tofu Bowl,8.5,d6e4a,"[  ""Tofu"",  ""Sesame oil"",  ""Sesame seeds"",  ""Rice"",  ""Broccoli"",  ""Carrot"",  ""Cucumber"",  ""Spinach"",  ""Red Pepper"",  ""Soy Sauce"",  ""Rice Vinegar"",  ""Honey"",  ""Garlic"",  ""Ginger""]"
237,238,American,Classic Buffalo Wings (6 pcs),7.5,8d5f9,"[    ""Chicken Wings"",    ""Hot Sauce"",    ""Butter"",    ""Worcestershire Sauce"",    ""Garlic Powder"",    ""Onion Powder"",    ""Paprika"",    ""Salt"",    ""Pepper"",    ""Flour"",    ""Cooking Oil""]"
238,239,Mediterranean,Shawarma Fries,7.5,1a5f4,"[    ""Potatoes"",    ""Chicken"",    ""Cumin"",    ""Paprika"",    ""Turmeric"",    ""Garlic Powder"",    ""Salt"",    ""Black Pepper"",    ""Lemon"",    ""Olive Oil"",    ""Tomato"",    ""Onion"",    ""Lettuce"",    ""Cucumber Pickles"",    ""Tahini Paste"",    ""Garlic"",    ""Mayonnaise"",    ""Cheese""]"
239,240,Chinese,Pork & Chive Dumplings (6),5.5,7f2c1,"[""Pork"",""Chives"",""Dumpling Wrappers"",""Ginger"",""Garlic"",""Soy Sauce"",""Sesame Oil"",""Rice Wine"",""White Pepper"",""Salt"",""Sugar""]"
240,241,Steak,Filet Mignon,18.75,a1b5e,"[    ""Beef Tenderloin"",    ""Salt"",    ""Black Pepper"",    ""Butter""]"
241,242,Fried Chicken,4-Piece Chicken Meal,9.5,0c2d7,"[    ""Chicken"",    ""Burger buns"",    ""Potatoes"",    ""Lettuce"",    ""Tomato"",    ""Cheese"",    ""Ketchup"",    ""Mayonnaise"",    ""Salt"",    ""Pepper"",    ""Oil""]"
242,243,Beverage,Green Tea,2.0,5b8d2,"[  ""Green Tea Leaves"",  ""Water""]"
243,244,Side,Seaweed Salad,3.25,f9e4c,"[""Seaweed"",""Soy Sauce"",""Rice Vinegar"",""Sesame Oil"",""Sugar"",""Sesame Seeds"",""Ginger"",""Garlic"",""Red Pepper Flakes"",""Green Onions""]"
244,245,Healthy,Avocado Kale Salad,9.25,3b1c6,"[  ""Kale"",  ""Avocado"",  ""Tomato"",  ""Red Onion"",  ""Cucumber"",  ""Almonds"",  ""Lemon Juice"",  ""Olive Oil"",  ""Salt"",  ""Pepper"",  ""Garlic""]"
245,246,Hawaiian,Tofu Poke Bowl,9.25,f9e4c,"[    ""Tofu"",    ""Rice"",    ""Soy sauce"",    ""Sesame oil"",    ""Rice vinegar"",    ""Sugar"",    ""Ginger"",    ""Garlic"",    ""Green onion"",    ""Avocado"",    ""Cucumber"",    ""Edamame"",    ""Seaweed"",    ""Sesame seeds"",    ""Tomato"",    ""Lettuce""]"
246,247,Indian,Paneer Tikka Masala,9.0,c5e2a,"[    ""Paneer"",    ""Yogurt"",    ""Ginger"",    ""Garlic"",    ""Turmeric powder"",    ""Red chili powder"",    ""Garam masala"",    ""Lemon"",    ""Vegetable Oil"",    ""Onion"",    ""Bell pepper"",    ""Tomato"",    ""Cashews"",    ""Coriander powder"",    ""Kasuri methi"",    ""Cream"",    ""Sugar"",    ""Salt"",    ""Water""]"
247,248,Side,Basmati Rice,2.5,6a0c3,"[""Basmati Rice"",""Water"",""Salt"",""Oil""]"
248,249,Beverage,Horchata,2.75,f3b8d,"[  ""Rice"",  ""Water"",  ""Cinnamon sticks"",  ""Sugar""]"
249,250,Asian,Grilled Chicken Rice Bowl,8.75,7f4d2,"[""Chicken Breast"",""Rice"",""Lettuce"",""Tomato"",""Onion"",""Soy Sauce"",""Sesame Seeds"",""Avocado"",""Corn""]"
250,251,Side,Garlic Sauce,1.0,1c2e6,"[""Garlic"",""Olive Oil"",""Salt"",""Black Pepper"",""Parsley"",""Lemon Juice"",""Water""]"
251,252,Side,Gyoza (5 pcs),4.0,4f0c5,"[""Gyoza Wrappers"",""Ground Pork"",""Cabbage"",""Garlic Chives"",""Ginger"",""Garlic"",""Soy Sauce"",""Sesame Oil"",""Cooking Oil"",""Water""]"
252,253,Snack,Acai Bowl,7.0,5e7b2,"[  ""Acai puree"",  ""Almond milk"",  ""Banana"",  ""Strawberry"",  ""Blueberry"",  ""Granola"",  ""Chia seeds"",  ""Almond"",  ""Honey""]"
253,254,BBQ,Smoked Turkey Leg,10.0,f8a3d,"[""Turkey Legs"",""Salt"",""Pepper"",""Paprika"",""Garlic Powder"",""Onion Powder"",""Brown Sugar"",""Thyme"",""Rosemary"",""Olive Oil""]"
254,255,Beverage,Sparkling Water,2.5,7c5b9,"[  ""Water"",  ""Carbon Dioxide""]"
255,256,Thai,Massaman Curry,10.0,f1c7a,"[    ""Chicken"",    ""Potato"",    ""Onion"",    ""Peanuts"",    ""Coconut Milk"",    ""Massaman Curry Paste"",    ""Fish Sauce"",    ""Sugar"",    ""Tamarind Paste"",    ""Lime Juice"",    ""Bay Leaves"",    ""Cinnamon Stick"",    ""Star Anise"",    ""Cardamom Pods"",    ""Cooking Oil"",    ""Water""]"
256,257,Italian,Supreme Pizza,10.5,4b1d7,"[    ""Pizza Dough"",    ""Tomato Sauce"",    ""Mozzarella Cheese"",    ""Pepperoni"",    ""Sausage"",    ""Green Bell Pepper"",    ""Onion"",    ""Mushroom"",    ""Black Olives""]"
257,258,Mediterranean,Mixed Grill Platter,11.5,1a5f4,"[    ""Beef Steak"",    ""Chicken Breast"",    ""Sausages"",    ""Onion"",    ""Bell Pepper"",    ""Mushroom"",    ""Tomato"",    ""Burger Buns"",    ""Olive Oil"",    ""Salt"",    ""Pepper"",    ""Garlic"",    ""Lemon"",    ""Herbs""]"
258,259,Beverage,Fresh Orange Juice,3.0,3c7e9,"[  ""Orange""]"
259,260,Contemporary,Grilled Lamb Chops,15.0,4a3e6,"[""Lamb Chops"",""Olive Oil"",""Lemon"",""Garlic"",""Rosemary"",""Salt"",""Pepper""]"
260,261,Asian,Thai Pad See Ew,9.5,d4f7a,"[    ""Wide Rice Noodles"",    ""Chicken"",    ""Egg"",    ""Chinese Broccoli"",    ""Garlic"",    ""Dark Soy Sauce"",    ""Soy Sauce"",    ""Oyster Sauce"",    ""Sugar"",    ""Cooking Oil""]"
261,262,Side,Edamame with Sea Salt,3.0,4a7c1,"[  ""Edamame"",  ""Sea Salt"",  ""Water""]"
262,263,Burgers,Blue Cheese Burger,8.75,0c5d8,"[    ""Burger Buns"",    ""Beef Patty"",    ""Blue Cheese"",    ""Lettuce"",    ""Tomato"",    ""Onion""]"
263,264,Side,Lumpiang Shanghai,4.25,f7d1a,"[  ""Ground Pork"",  ""Lumpia Wrappers"",  ""Onion"",  ""Garlic"",  ""Carrot"",  ""Egg"",  ""Soy Sauce"",  ""Salt"",  ""Pepper"",  ""Cooking Oil""]"
264,265,Breakfast,Egg & Cheese Bagel,5.0,3e2b6,"[  ""Bagel"",  ""Egg"",  ""Cheese"",  ""Salt"",  ""Pepper"",  ""Oil""]"
265,266,Indian,Goan Prawn Curry,12.0,a3e8b,"[    ""Prawns"",    ""Onion"",    ""Tomato"",    ""Green Chili"",    ""Ginger"",    ""Garlic"",    ""Coconut Milk"",    ""Turmeric Powder"",    ""Chili Powder"",    ""Coriander Powder"",    ""Cumin Powder"",    ""Mustard Seeds"",    ""Curry Leaves"",    ""Cooking Oil"",    ""Salt"",    ""Sugar"",    ""Lemon"",    ""Water""]"
266,267,American,Turkey Club Sandwich,7.5,0c6e4,"[  ""Bread"",  ""Turkey"",  ""Bacon"",  ""Lettuce"",  ""Tomato"",  ""Mayonnaise"",  ""Cheese""]"
267,268,Contemporary,Portobello Mushroom Burger,9.25,b0a4f,"[""Portobello Mushrooms"",""Burger Buns"",""Cheese"",""Lettuce"",""Tomato"",""Onion"",""Mayonnaise"",""Ketchup"",""Mustard"",""Olive Oil"",""Salt"",""Pepper""]"
268,269,Dessert,Mini Waffle Sundae,5.5,5d9e3,"[""Waffle mix"",""Ice cream"",""Chocolate sauce"",""Whipped cream"",""Sprinkles"",""Cherries"",""Nuts""]"
269,270,Indian,Butter Chicken with Rice,10.0,c5e2a,"[    ""Chicken"",    ""Butter"",    ""Tomato"",    ""Onion"",    ""Garlic"",    ""Ginger"",    ""Cream"",    ""Yogurt"",    ""Turmeric"",    ""Chili Powder"",    ""Garam Masala"",    ""Coriander Powder"",    ""Cumin Powder"",    ""Kasuri Methi"",    ""Salt"",    ""Rice"",    ""Water""]"
270,271,Beverage,Blueberry Oat Smoothie,6.0,c9f0b,"[  ""Blueberries"",  ""Oats"",  ""Milk"",  ""Yogurt""]"
271,272,Fried Chicken,Chicken & Waffles,10.0,0c2d7,"[    ""Chicken pieces"",    ""Flour"",    ""Salt"",    ""Black pepper"",    ""Paprika"",    ""Garlic powder"",    ""Onion powder"",    ""Buttermilk"",    ""Oil"",    ""Sugar"",    ""Baking powder"",    ""Baking soda"",    ""Eggs"",    ""Milk"",    ""Butter"",    ""Maple syrup""]"
272,273,Burgers,Factory Special Burger,10.0,5c1f8,"[    ""Burger buns"",    ""Beef patty"",    ""Cheese"",    ""Lettuce"",    ""Tomato"",    ""Onion"",    ""Pickles"",    ""Ketchup"",    ""Mustard"",    ""Mayonnaise""]"
273,274,Mediterranean,Hummus & Pita,5.0,8e9a0,"[    ""Chickpeas"",    ""Tahini"",    ""Lemon"",    ""Garlic"",    ""Olive Oil"",    ""Salt"",    ""Cumin"",    ""Pita Bread"",    ""Tomato"",    ""Cucumber"",    ""Onion"",    ""Bell Pepper"",    ""Lettuce"",    ""Olives"",    ""Parsley"",    ""Paprika""]"
274,275,Side,Tabbouleh Salad,3.75,d1e9b,"[  ""Parsley"",  ""Mint"",  ""Bulgur"",  ""Tomato"",  ""Cucumber"",  ""Onion"",  ""Lemon"",  ""Olive Oil"",  ""Salt"",  ""Pepper""]"
275,276,Mediterranean,Falafel Bowl with Hummus,8.0,d1e9b,"[    ""Falafel"",    ""Hummus"",    ""Rice"",    ""Lettuce"",    ""Tomato"",    ""Cucumber"",    ""Red Onion"",    ""Pickles"",    ""Olives"",    ""Parsley""]"
276,277,Korean,BBQ Short Ribs (Galbi),14.75,c5a8e,"[    ""Short Ribs"",    ""Soy Sauce"",    ""Sugar"",    ""Garlic"",    ""Ginger"",    ""Onion"",    ""Sesame Oil"",    ""Rice Wine"",    ""Black Pepper"",    ""Pear"",    ""Green Onion"",    ""Sesame Seeds""]"
277,278,Breakfast,Berry Compote French Toast,7.25,6f1c4,"[""Bread"",""Eggs"",""Milk"",""Sugar"",""Vanilla"",""Butter"",""Strawberries"",""Blueberries"",""Raspberries"",""Lemon"",""Water""]"
278,279,Japanese,Salmon Nigiri (5 pcs),8.0,b3e8f,"[  ""Rice"",  ""Salmon"",  ""Rice Vinegar"",  ""Sugar"",  ""Salt"",  ""Wasabi"",  ""Soy Sauce"",  ""Pickled Ginger""]"
279,280,Asian,Spicy Garlic Udon,8.5,b7a3e,"[    ""Udon Noodles"",    ""Garlic"",    ""Chili Flakes"",    ""Soy Sauce"",    ""Chicken Broth"",    ""Cooking Oil"",    ""Onion"",    ""Green Onion"",    ""Chicken"",    ""Sesame Seeds""]"
280,281,Seafood,Crab Cake Burger,10.75,b9e5f,"[  ""Crab Cakes"",  ""Burger Buns"",  ""Lettuce"",  ""Tomato"",  ""Onion"",  ""Cheese"",  ""Mayonnaise"",  ""Lemon"",  ""Oil""]"
281,282,Indian,Malai Kofta,9.25,2a9c5,"[    ""Potato"",    ""Paneer"",    ""Corn Flour"",    ""Ginger"",    ""Garlic"",    ""Green Chili"",    ""Cumin Powder"",    ""Coriander Powder"",    ""Garam Masala"",    ""Turmeric Powder"",    ""Red Chili Powder"",    ""Cashews"",    ""Raisins"",    ""Salt"",    ""Oil"",    ""Onion"",    ""Tomato"",    ""Cream"",    ""Milk"",    ""Sugar"",    ""Kasuri Methi""]"
282,283,Dessert,Pecan Pie Slice,5.25,9c8e2,"[  ""Flour"",  ""Butter"",  ""Pecans"",  ""Corn Syrup"",  ""Sugar"",  ""Eggs"",  ""Vanilla"",  ""Salt""]"
283,284,Side,Steamed Vegetables,3.0,7e2d8,"[  ""Broccoli"",  ""Carrots"",  ""Cauliflower"",  ""Green beans"",  ""Bell pepper"",  ""Corn"",  ""Asparagus""]"
284,285,Steak,Grilled Ribeye Steak,16.5,a1b5e,"[  ""Ribeye Steak"",  ""Salt"",  ""Black Pepper"",  ""Olive Oil"",  ""Garlic"",  ""Butter"",  ""Potato""]"
285,286,Fried Chicken,Spicy Chicken Tenders,8.0,0c2d7,"[    ""Chicken Breast"",    ""Flour"",    ""Breadcrumbs"",    ""Egg"",    ""Milk"",    ""Paprika"",    ""Cayenne Pepper"",    ""Garlic Powder"",    ""Onion Powder"",    ""Salt"",    ""Black Pepper"",    ""Vegetable Oil""]"
286,287,Vegetarian,Zucchini Noodle Salad,7.75,9a8c5,"[    ""Zucchini"",    ""Olive Oil"",    ""Lemon Juice"",    ""Garlic"",    ""Salt"",    ""Pepper"",    ""Tomato"",    ""Cucumber"",    ""Red Onion"",    ""Basil"",    ""Feta Cheese"",    ""Pine Nuts""]"
287,288,Chinese,Chicken Feet in Black Bean Sauce,5.25,7d4e1,"[    ""Chicken Feet"",    ""Fermented Black Beans"",    ""Garlic"",    ""Ginger"",    ""Soy Sauce"",    ""Cooking Wine"",    ""Sugar"",    ""Cooking Oil""]"
288,289,Side,Lebanese Pickles,2.25,1f5b7,"[  ""Cucumber"",  ""Turnip"",  ""Carrot"",  ""Cauliflower"",  ""Green beans"",  ""Pepper"",  ""Water"",  ""Salt"",  ""Vinegar"",  ""Garlic"",  ""Bay leaf"",  ""Coriander"",  ""Mustard seed"",  ""Black pepper""]"
289,290,Beverage,Vietnamese Iced Coffee,3.25,c8d3e,"[  ""Coffee"",  ""Sweetened Condensed Milk"",  ""Water"",  ""Ice""]"
290,291,BBQ,Texas Toast Pulled Pork,9.5,f8a3d,"[    ""Pork Shoulder"",    ""BBQ Sauce"",    ""Salt"",    ""Pepper"",    ""Paprika"",    ""Garlic Powder"",    ""Onion Powder"",    ""Brown Sugar"",    ""Broth"",    ""Texas Toast Bread"",    ""Butter"",    ""Cabbage"",    ""Carrot"",    ""Mayonnaise"",    ""Vinegar"",    ""Sugar"",    ""Pickles"",    ""Onion"",    ""Cheese"",    ""Jalapenos""]"
291,292,Mexican,Crunchy Taco Combo,6.75,a5c3b,"[    ""Ground Beef"",    ""Taco Seasoning"",    ""Crunchy Taco Shells"",    ""Lettuce"",    ""Tomato"",    ""Cheese"",    ""Cola""]"
292,293,Seafood,Grilled Cod with Lemon Butter,12.0,9b4c2,"[  ""Cod"",  ""Lemon"",  ""Butter"",  ""Salt"",  ""Pepper"",  ""Olive Oil"",  ""Garlic"",  ""Parsley""]"
293,294,Dessert,Gulab Jamun,3.0,c5e2a,"[  ""Milk Powder"",  ""Flour"",  ""Baking Soda"",  ""Milk"",  ""Ghee"",  ""Sugar"",  ""Water"",  ""Cardamom""]"
294,295,Dessert,Blueberry Pie,4.75,8b7a3,"[""Blueberries"",""Flour"",""Butter"",""Sugar"",""Cornstarch"",""Lemon"",""Salt"",""Water"",""Egg""]"
295,296,Chinese,Lotus Leaf Sticky Rice,6.0,7d4e1,"[    ""Sticky Rice"",    ""Lotus Leaves"",    ""Chicken"",    ""Mushroom"",    ""Shrimp"",    ""Egg"",    ""Carrot"",    ""Peas"",    ""Soy Sauce"",    ""Oyster Sauce"",    ""Sugar"",    ""Cooking Wine"",    ""Sesame Oil"",    ""White Pepper"",    ""Salt"",    ""Oil""]"
296,297,Italian,Hawaiian Pizza,9.0,7c5b9,"[    ""Pizza dough"",    ""Tomato"",    ""Cheese"",    ""Ham"",    ""Pineapple""]"
297,298,Indian,Goan Fish Curry,11.5,2a9c5,"[    ""Fish"",    ""Coconut Milk"",    ""Onion"",    ""Tomato"",    ""Green Chilli"",    ""Ginger"",    ""Garlic"",    ""Turmeric Powder"",    ""Red Chilli Powder"",    ""Cumin Seeds"",    ""Coriander Seeds"",    ""Mustard Seeds"",    ""Curry Leaves"",    ""Cooking Oil"",    ""Salt"",    ""Water"",    ""Lime Juice""]"
298,299,Mexican,Beef Burrito,8.5,b4a8f,"[    ""Beef"",    ""Tortillas"",    ""Onion"",    ""Tomato"",    ""Lettuce"",    ""Cheese"",    ""Beans"",    ""Salsa"",    ""Sour Cream"",    ""Taco Seasoning"",    ""Oil"",    ""Salt"",    ""Pepper""]"
299,300,Burgers,Cheesy Smash Burger,9.25,5c1f8,"[    ""Ground Beef"",    ""Burger Buns"",    ""Cheese"",    ""Tomato"",    ""Lettuce"",    ""Onion"",    ""Pickles"",    ""Ketchup"",    ""Mustard"",    ""Salt"",    ""Pepper"",    ""Oil""]"
300,301,French,Ratatouille,11.0,2f3d7,"[    ""Tomato"",    ""Eggplant"",    ""Zucchini"",    ""Bell Pepper"",    ""Onion"",    ""Garlic"",    ""Thyme"",    ""Rosemary"",    ""Bay Leaf"",    ""Salt"",    ""Pepper"",    ""Olive Oil""]"
301,302,Italian,BBQ Chicken Pizza,8.5,3f7e4,"[    ""Pizza Dough"",    ""BBQ Sauce"",    ""Chicken"",    ""Cheese"",    ""Red Onion"",    ""Cilantro"",    ""Olive Oil"",    ""Green Bell Pepper"",    ""Pineapple"",    ""Corn"",    ""Jalapeno""]"
302,303,Italian,Spicy Sausage Pizza,9.25,6f5a0,"[    ""Dough"",    ""Tomato Sauce"",    ""Cheese"",    ""Sausage"",    ""Onion"",    ""Jalapeno"",    ""Chili Flakes"",    ""Olive Oil""]"
303,304,Chinese,Steamed BBQ Pork Buns,4.75,0e1f9,"[    ""Flour"",    ""Yeast"",    ""Sugar"",    ""Water"",    ""Oil"",    ""Baking Powder"",    ""Salt"",    ""Pork"",    ""BBQ Sauce"",    ""Soy Sauce"",    ""Oyster Sauce"",    ""Honey"",    ""Garlic"",    ""Ginger"",    ""Five Spice Powder"",    ""Cornstarch"",    ""Cooking Wine"",    ""Sesame Oil"",    ""Red Food Coloring"",    ""Parchment Paper""]"
304,305,Beverage,Orange Juice,3.0,2b5d7,"[  ""Oranges"",  ""Water"",  ""Sugar""]"
305,306,Mexican,Beef Street Tacos (3 pcs),7.5,e8b3c,"[""Beef"",""Corn Tortillas"",""Onion"",""Cilantro"",""Lime"",""Salsa"",""Cheese""]"
306,307,Japanese,Tuna Sashimi (5 pcs),9.0,8f2a6,"[  ""Tuna"",  ""Soy Sauce"",  ""Wasabi"",  ""Ginger""]"
307,308,Burgers,BBQ Bacon Burger,9.5,0c5d8,"[    ""Ground Beef"",    ""Bacon"",    ""Burger Buns"",    ""Cheese"",    ""BBQ Sauce"",    ""Lettuce"",    ""Tomato"",    ""Red Onion"",    ""Pickles""]"
308,309,Burgers,Avocado Veggie Burger,8.5,4e2d1,"[    ""Veggie Burger Patty"",    ""Burger Buns"",    ""Avocado"",    ""Lettuce"",    ""Tomato"",    ""Onion"",    ""Cheese""]"
309,310,French,Strawberries & Cream Crepe,6.5,e7a2f,"[  ""Flour"",  ""Egg"",  ""Milk"",  ""Butter"",  ""Strawberry"",  ""Cream"",  ""Sugar"",  ""Salt"",  ""Vanilla Extract""]"
310,311,Beverage,Green Detox Smoothie,6.0,5e7b2,"[  ""Spinach"",  ""Apple"",  ""Banana"",  ""Water"",  ""Lemon"",  ""Ginger""]"
311,312,French,Chicken Alfredo Crepe,8.0,e7a2f,"[  ""Flour"",  ""Eggs"",  ""Milk"",  ""Butter"",  ""Salt"",  ""Chicken Breast"",  ""Olive Oil"",  ""Garlic"",  ""Heavy Cream"",  ""Parmesan Cheese"",  ""Pepper""]"
312,313,Mexican,Chicken Fajita Burrito,8.25,b4a8f,"[    ""Chicken"",    ""Onion"",    ""Bell Pepper"",    ""Fajita Seasoning"",    ""Rice"",    ""Black Beans"",    ""Cheese"",    ""Sour Cream"",    ""Lettuce"",    ""Tomato"",    ""Cilantro"",    ""Tortillas"",    ""Lime""]"
313,314,Side,Steamed Jasmine Rice,2.25,1a3f7,"[  ""Jasmine Rice"",  ""Water""]"
314,315,Dessert,Cinnamon Pizza Bites,4.0,4b1d7,"[  ""Flour"",  ""Water"",  ""Baking Powder"",  ""Salt"",  ""Oil"",  ""Tomato Paste"",  ""Cheese"",  ""Oregano"",  ""Butter"",  ""Sugar"",  ""Cinnamon""]"
315,316,Spanish,Chorizo in Red Wine,6.75,2a3e9,"[  ""Chorizo"",  ""Red Wine"",  ""Onion"",  ""Garlic"",  ""Tomato"",  ""Olive Oil"",  ""Bay Leaf"",  ""Bread""]"
316,317,Healthy,Asian Sesame Chicken Salad,8.75,3b1c6,"[    ""Chicken"",    ""Lettuce"",    ""Sesame Dressing"",    ""Sesame Seeds"",    ""Wonton Strips"",    ""Carrot"",    ""Cabbage"",    ""Green Onion""]"
317,318,Filipino,Pancit Bihon Guisado,7.75,8f7c2,"[  ""Bihon Noodles"",  ""Chicken"",  ""Onion"",  ""Garlic"",  ""Carrot"",  ""Cabbage"",  ""Bell Pepper"",  ""Celery"",  ""Soy Sauce"",  ""Oyster Sauce"",  ""Black Pepper"",  ""Salt"",  ""Oil"",  ""Water""]"
318,319,Japanese,Shrimp Teriyaki Bowl,9.75,3d9c8,"[    ""Shrimp"",    ""Rice"",    ""Soy sauce"",    ""Mirin"",    ""Sugar"",    ""Ginger"",    ""Garlic"",    ""Broccoli"",    ""Carrots"",    ""Edamame"",    ""Cabbage"",    ""Green onion"",    ""Sesame seeds"",    ""Nori seaweed""]"
319,320,Seafood,Shrimp Po' Boy Sandwich,9.75,5f1d3,"[  ""Shrimp"",  ""Bread"",  ""Lettuce"",  ""Tomato"",  ""Mayonnaise"",  ""Hot Sauce"",  ""Pickles"",  ""Lemon"",  ""Spices"",  ""Oil""]"
320,321,Beverage,Peanut Butter Power Smoothie,6.75,c9f0b,"[""Banana"",""Milk"",""Peanut Butter"",""Honey"",""Ice""]"
321,322,Vegetarian,Tofu Stir Fry,8.5,9a8c5,"[  ""Tofu"",  ""Broccoli"",  ""Carrot"",  ""Red Bell Pepper"",  ""Onion"",  ""Garlic"",  ""Ginger"",  ""Soy Sauce"",  ""Sesame Oil"",  ""Vegetable Oil""]"
322,323,BBQ,Beef Brisket Plate,12.0,2a1c4,"[    ""Beef Brisket"",    ""Buns"",    ""BBQ Sauce"",    ""Coleslaw"",    ""Pickles"",    ""Onions"",    ""Tomato"",    ""Lettuce""]"
323,324,Mexican,Vegetarian Burrito Bowl,7.75,b4a8f,"[""Rice"",""Black Beans"",""Corn"",""Bell Pepper"",""Onion"",""Tomato"",""Lettuce"",""Avocado"",""Cheese"",""Salsa"",""Lime"",""Cilantro""]"
324,325,Spanish,Albóndigas (Meatballs),6.5,5e0b4,"[  ""Beef"",  ""Breadcrumbs"",  ""Egg"",  ""Onion"",  ""Garlic"",  ""Parsley"",  ""Salt"",  ""Pepper"",  ""Tomato"",  ""Broth"",  ""Carrot"",  ""Potato"",  ""Oregano""]"
325,326,Mediterranean,Spicy Falafel Pita,7.75,d1e9b,"[  ""Falafel"",  ""Pita Bread"",  ""Hot Sauce"",  ""Lettuce"",  ""Tomato"",  ""Cucumber"",  ""Red Onion"",  ""Tahini Sauce"",  ""Pickled Cucumber""]"
326,327,Hawaiian,Ahi Tuna Poke Bowl,11.0,4a7c1,"[""Ahi Tuna"",""Rice"",""Soy Sauce"",""Sesame Oil"",""Avocado"",""Seaweed"",""Green Onion"",""Sesame Seeds"",""Ginger"",""Cucumber""]"
327,328,Vegetarian,Stuffed Bell Peppers,8.25,5b3d8,"[    ""Bell Peppers"",    ""Ground Beef"",    ""Rice"",    ""Onion"",    ""Tomato"",    ""Garlic"",    ""Salt"",    ""Pepper"",    ""Oregano"",    ""Cheese"",    ""Olive Oil""]"
328,329,Fried Chicken,2-Piece Fried Chicken,6.5,0e1b3,"[""Chicken"",""Flour"",""Salt"",""Pepper"",""Paprika"",""Oil"",""Egg""]"
329,330,Beverage,Lychee Iced Tea,3.0,d6e4a,"[""Black Tea"",""Water"",""Sugar"",""Lychee"",""Ice""]"
330,331,Dessert,Crème Brûlée,5.5,2f3d7,"[""Cream"",""Sugar"",""Egg Yolks"",""Vanilla"",""Salt""]"
331,332,Spanish,Spanish Tortilla,5.5,5e0b4,"[  ""Potato"",  ""Onion"",  ""Egg"",  ""Olive Oil"",  ""Salt"",  ""Pepper""]"
332,333,Spanish,Patatas Bravas,5.0,2a3e9,"[    ""Potatoes"",    ""Olive Oil"",    ""Salt"",    ""Tomato"",    ""Onion"",    ""Garlic"",    ""Smoked Paprika"",    ""Sweet Paprika"",    ""Chili Flakes"",    ""Vinegar"",    ""Sugar"",    ""Black Pepper"",    ""Mayonnaise"",    ""Lemon Juice""]"
333,334,Fried Chicken,Chicken Sandwich,7.0,0e1b3,"[  ""Bread"",  ""Chicken"",  ""Lettuce"",  ""Tomato"",  ""Cheese"",  ""Mayonnaise""]"
334,335,Mediterranean,Classic Falafel Plate,8.25,6a9c1,"[    ""Chickpeas"",    ""Onion"",    ""Garlic"",    ""Parsley"",    ""Cilantro"",    ""Cumin"",    ""Coriander"",    ""Baking Soda"",    ""Salt"",    ""Pepper"",    ""Oil"",    ""Pita Bread"",    ""Tomato"",    ""Cucumber"",    ""Lettuce"",    ""Tahini"",    ""Lemon Juice"",    ""Water""]"
335,336,Italian,Meat Lovers Pizza,10.0,7c5b9,"[""Pizza dough"",""Tomato sauce"",""Cheese"",""Pepperoni"",""Sausage"",""Bacon"",""Ham""]"
336,337,Chinese,Vegetable Dumplings (6),5.0,7f2c1,"[  ""Flour"",  ""Water"",  ""Salt"",  ""Cabbage"",  ""Carrot"",  ""Onion"",  ""Garlic"",  ""Ginger"",  ""Soy Sauce"",  ""Sesame Oil"",  ""Vegetable Oil"",  ""Pepper""]"
337,338,Asian,Sesame Peanut Noodles,8.25,9b5a0,"['Noodles','Peanut Butter','Sesame Oil','Soy Sauce','Vinegar','Sugar','Garlic','Ginger','Chili Flakes','Water','Sesame Seeds','Green Onion','Cucumber','Carrot']"
338,339,Side,Cornbread Muffin,2.5,9d5f2,"[  ""Cornmeal"",  ""Flour"",  ""Sugar"",  ""Baking Powder"",  ""Salt"",  ""Egg"",  ""Milk"",  ""Butter""]"
339,340,Dessert,Leche Flan,3.75,8f7c2,"[  ""Egg"",  ""Milk"",  ""Sugar"",  ""Vanilla"",  ""Water""]"
340,341,Side,Thai Spring Rolls,3.5,7a8e0,"[    ""Rice Paper Wrappers"",    ""Shrimp"",    ""Lettuce"",    ""Carrot"",    ""Cucumber"",    ""Bean Sprouts"",    ""Mint"",    ""Cilantro"",    ""Rice Vermicelli""]"
341,342,Mediterranean,Falafel & Eggplant Sandwich,7.5,6a9c1,"[    ""Chickpeas"",    ""Eggplant"",    ""Pita bread"",    ""Tomato"",    ""Lettuce"",    ""Cucumber"",    ""Onion"",    ""Tahini"",    ""Lemon juice"",    ""Garlic"",    ""Parsley"",    ""Cilantro"",    ""Cumin"",    ""Coriander"",    ""Flour"",    ""Baking powder"",    ""Oil"",    ""Salt"",    ""Pepper"",    ""Water""]"
342,343,American,Spicy Jalapeño Dog,4.75,a4f0b,"[""Hot Dogs"",""Hot Dog Buns"",""Jalapeños"",""Cheese"",""Onion"",""Mustard"",""Ketchup""]"
343,344,Beverage,Fountain Drink,2.25,6c3f2,"[""Sparkling Water"",""Sugar"",""Lemon"",""Ice""]"
344,345,Beverage,Tropical Citrus Blend,6.25,c9f0b,"[""Orange"",""Pineapple"",""Mango"",""Lime"",""Ginger""]"
345,346,Japanese,Tofu Teriyaki Bowl,8.25,7e2d8,"[    ""Tofu"",    ""Teriyaki Sauce"",    ""Rice"",    ""Broccoli"",    ""Carrot"",    ""Edamame"",    ""Sesame Seeds"",    ""Green Onion""]"
346,347,Side,Lemon Herb Rice,3.25,a6c9f,"[    ""Rice"",    ""Lemon"",    ""Parsley"",    ""Dill"",    ""Onion"",    ""Garlic"",    ""Oil"",    ""Water"",    ""Salt"",    ""Pepper""]"
347,348,Side,Pico de Gallo,2.0,7d3c1,"[    ""Tomato"",    ""Onion"",    ""Jalapeno"",    ""Cilantro"",    ""Lime"",    ""Salt""]"
348,349,Dessert,Chocolate Glazed Donut,2.0,e9a1c,"[""Flour"",""Sugar"",""Yeast"",""Milk"",""Egg"",""Butter"",""Salt"",""Oil"",""Chocolate""]"
349,350,Japanese,Beef Teriyaki Bowl,9.25,7e2d8,"[  ""Beef Steak"",  ""Soy Sauce"",  ""Mirin"",  ""Sugar"",  ""Ginger"",  ""Garlic"",  ""Rice"",  ""Broccoli"",  ""Carrot"",  ""Onion"",  ""Bell Pepper"",  ""Sesame Seeds"",  ""Green Onion""]"
350,351,Italian,Spinach & Ricotta Ravioli,10.25,d4f0a,"[  ""Flour"",  ""Eggs"",  ""Olive Oil"",  ""Salt"",  ""Spinach"",  ""Ricotta Cheese"",  ""Parmesan Cheese"",  ""Nutmeg"",  ""Pepper"",  ""Tomato"",  ""Garlic"",  ""Onion"",  ""Basil""]"
351,352,Side,Whole Grain Roll,1.5,9f6b0,"[""Whole Wheat Flour"",""Water"",""Yeast"",""Salt"",""Honey"",""Olive Oil""]"
352,353,Side,Coleslaw,2.5,2a1c4,"[  ""Green Cabbage"",  ""Carrot"",  ""Mayonnaise"",  ""Vinegar"",  ""Sugar"",  ""Mustard"",  ""Salt"",  ""Pepper"",  ""Onion""]"
353,354,Thai,Tom Yum Soup,7.5,f1c7a,"[    ""Chicken Broth"",    ""Lemongrass"",    ""Galangal"",    ""Kaffir Lime Leaves"",    ""Lime Juice"",    ""Fish Sauce"",    ""Chili Peppers"",    ""Mushrooms"",    ""Tomatoes"",    ""Shrimp"",    ""Cilantro""]"
354,355,Hawaiian,Salmon Poke Bowl,10.5,f9e4c,"[    ""Salmon"",    ""Rice"",    ""Avocado"",    ""Nori Sheets"",    ""Soy Sauce"",    ""Sesame Oil"",    ""Sesame Seeds"",    ""Green Onion"",    ""Pickled Ginger"",    ""Cucumber"",    ""Edamame"",    ""Mango""]"
355,356,Beverage,Jasmine Iced Tea,2.75,9b5a0,"[  ""JasmineTea"",  ""Water"",  ""Sugar"",  ""Ice"",  ""Lemon""]"
356,357,Beverage,Cold Brew Coffee,3.0,e9a1c,"[  ""Coffee"",  ""Water""]"
357,358,Breakfast,Peach Cobbler Waffle,7.75,5d9e3,"[""Flour"",""Sugar"",""Baking Powder"",""Salt"",""Egg"",""Milk"",""Butter"",""Peaches"",""Cornstarch"",""Cinnamon"",""Nutmeg"",""Lemon Juice""]"
358,359,Indian,Beef Vindaloo,10.75,2a9c5,"[  ""Beef"",  ""Vinegar"",  ""Garlic"",  ""Ginger"",  ""Dried Red Chilies"",  ""Cumin Seeds"",  ""Coriander Seeds"",  ""Turmeric Powder"",  ""Mustard Seeds"",  ""Cloves"",  ""Cinnamon Stick"",  ""Cardamom Pods"",  ""Onion"",  ""Tomato"",  ""Oil"",  ""Salt"",  ""Sugar""]"
359,360,Beverage,Craft Soda,3.0,4e2d1,"['Water','Sugar','Lemon','Ginger','Raspberry','Orange','Mint','Rosemary','Cinnamon','Star Anise','Vanilla','Yeast']"
360,361,Japanese,Tonkotsu Ramen,10.25,4f0c5,"[    ""Pork bones"",    ""Water"",    ""Onion"",    ""Garlic"",    ""Ginger"",    ""Scallions"",    ""Ramen noodles"",    ""Pork belly"",    ""Egg"",    ""Soy sauce"",    ""Bamboo shoots"",    ""Mushrooms"",    ""Seaweed"",    ""Sesame seeds"",    ""Chili oil""]"
361,362,Burgers,Grilled Chicken Burger,8.0,5c1f8,"[    ""Chicken breast"",    ""Burger buns"",    ""Cheese"",    ""Lettuce"",    ""Tomato"",    ""Onion"",    ""Mayonnaise"",    ""Ketchup"",    ""Mustard"",    ""Oil"",    ""Salt"",    ""Pepper""]"
362,363,Beverage,Matcha Latte,3.25,2f7b5,"[  ""Matcha"",  ""Milk"",  ""Sugar"",  ""Water""]"
363,364,Hawaiian,Tuna Poke with Avocado,11.0,f9e4c,"[""Tuna"",""Avocado"",""Soy Sauce"",""Sesame Oil"",""Rice Vinegar"",""Green Onion"",""Sesame Seeds"",""Seaweed"",""Ginger"",""Garlic"",""Rice""]"
364,365,Steak,Chimichurri Flank Steak,11.25,4c9a2,"[  ""Flank Steak"",  ""Parsley"",  ""Cilantro"",  ""Garlic"",  ""Red Onion"",  ""Red Wine Vinegar"",  ""Olive Oil"",  ""Oregano"",  ""Red Pepper Flakes"",  ""Salt"",  ""Black Pepper""]"
365,366,Contemporary,Herbed Chicken Breast,12.5,4a3e6,"[  ""Chicken Breast"",  ""Rosemary"",  ""Thyme"",  ""Parsley"",  ""Olive Oil"",  ""Lemon"",  ""Garlic"",  ""Salt"",  ""Pepper""]"
366,367,Spanish,Manchego Cheese Plate,7.0,5e0b4,"[    ""Manchego Cheese"",    ""Bread"",    ""Crackers"",    ""Olives"",    ""Grapes"",    ""Figs"",    ""Apple"",    ""Almonds"",    ""Membrillo"",    ""Olive Oil"",    ""Honey""]"
367,368,Beverage,Mint Yogurt Drink,3.25,1a5f4,"[  ""Yogurt"",  ""Mint"",  ""Water"",  ""Sugar""]"
368,369,Korean,Bibimbap Bowl,10.0,2d7a9,"[""Rice"",""Beef"",""Egg"",""Spinach"",""Carrot"",""Cucumber"",""Lettuce"",""Gochujang"",""Sesame oil"",""Sesame seeds"",""Garlic"",""Soy sauce"",""Sugar"",""Vinegar""]"
369,370,Side,Miso Soup,2.25,7f4d2,"[    ""Dashi Powder"",    ""Miso Paste"",    ""Tofu"",    ""Wakame Seaweed"",    ""Green Onion""]"
370,371,Side,Coleslaw,2.5,8a2c6,"[  ""Cabbage"",  ""Carrot"",  ""Mayonnaise"",  ""Vinegar"",  ""Sugar"",  ""Salt"",  ""Pepper"",  ""Onion""]"
371,372,Beverage,Mango Banana Smoothie,5.5,5e7b2,"[  ""Mango"",  ""Banana"",  ""Milk"",  ""Honey"",  ""Ice""]"
372,373,BBQ,BBQ Chicken Wings,8.5,2a1c4,"[""Chicken Wings"",""BBQ Sauce"",""Salt"",""Pepper"",""Oil"",""Onion"",""Garlic"",""Paprika""]"
373,374,Side,Elote (Mexican Street Corn),3.5,e8b3c,"[""Corn"",""Mayonnaise"",""Sour Cream"",""Lime"",""Chili Powder"",""Cheese"",""Cilantro"",""Butter""]"
374,375,Japanese,Chicken Teriyaki Bowl,8.75,7e2d8,"[    ""Chicken"",    ""Soy sauce"",    ""Mirin"",    ""Sugar"",    ""Ginger"",    ""Garlic"",    ""Rice"",    ""Broccoli"",    ""Carrot"",    ""Cabbage"",    ""Green onion"",    ""Sesame seeds""]"
375,376,Side,Seaweed Salad,3.0,2d7a9,"[    ""Seaweed"",    ""Soy Sauce"",    ""Rice Vinegar"",    ""Sesame Oil"",    ""Sugar"",    ""Sesame Seeds"",    ""Ginger"",    ""Garlic"",    ""Chili Flakes""]"
376,377,Mediterranean,Lamb Gyro Wrap,8.5,8e9a0,"[    ""Lamb"",    ""Pita Bread"",    ""Tzatziki Sauce"",    ""Tomato"",    ""Onion"",    ""Lettuce""]"
377,378,Italian,Pesto Chicken Pizza,9.75,6f5a0,"[""Pizza Dough"",""Pesto Sauce"",""Chicken"",""Cheese"",""Tomato"",""Onion""]"
378,379,Asian,Teryaki Salmon Rice Bowl,10.0,d6e4a,"[  ""Salmon"",  ""Rice"",  ""Teriyaki Sauce"",  ""Broccoli"",  ""Carrot"",  ""Edamame"",  ""Green Onion"",  ""Sesame Seeds"",  ""Lettuce""]"
379,380,Vegetarian,Grilled Veggie Wrap,7.5,5b3d8,"[    ""Tortilla"",    ""Bell Pepper"",    ""Zucchini"",    ""Onion"",    ""Eggplant"",    ""Lettuce"",    ""Tomato"",    ""Cucumber"",    ""Cheese"",    ""Hummus""]"
380,381,Italian,Veggie Lovers Pizza,9.25,4b1d7,"[    ""Dough"",    ""Tomato Sauce"",    ""Cheese"",    ""Olive Oil"",    ""Oregano"",    ""Basil"",    ""Garlic"",    ""Tomato"",    ""Onion"",    ""Green Bell Pepper"",    ""Mushroom"",    ""Black Olive"",    ""Corn""]"
381,382,Italian,Fettuccine Alfredo,10.0,d4f0a,"[  ""Fettuccine Pasta"",  ""Butter"",  ""Heavy Cream"",  ""Parmesan Cheese"",  ""Salt"",  ""Black Pepper""]"
382,383,Tex-Mex,3-Bean Veggie Chili,6.25,9d5f2,"[ ""Tomato"", ""Onion"", ""Bell Pepper"", ""Garlic"", ""Corn"", ""Kidney Beans"", ""Black Beans"", ""Pinto Beans"", ""Chili Powder"", ""Cumin"", ""Vegetable Broth"", ""Salt"", ""Pepper"", ""Oil""]"
383,384,Vegetarian,Vegan Buddha Bowl,8.75,5b3d8,"[    ""Brown Rice"",    ""Quinoa"",    ""Lettuce"",    ""Spinach"",    ""Chickpeas"",    ""Black Beans"",    ""Tofu"",    ""Broccoli"",    ""Carrots"",    ""Cucumber"",    ""Bell Pepper"",    ""Red Onion"",    ""Sweet Potato"",    ""Corn"",    ""Edamame"",    ""Tomato"",    ""Avocado"",    ""Almonds"",    ""Sunflower Seeds"",    ""Sesame Seeds"",    ""Olive Oil"",    ""Lemon"",    ""Tahini"",    ""Soy Sauce""]"
384,385,Indian,Palak Paneer,9.25,6a0c3,"[""Spinach"",""Paneer"",""Onion"",""Tomato"",""Ginger"",""Garlic"",""Green Chili"",""Oil"",""Turmeric Powder"",""Cumin Powder"",""Coriander Powder"",""Garam Masala"",""Red Chili Powder"",""Cream"",""Salt"",""Water""]"
385,386,Vietnamese,Vegan Tofu Pho,8.75,1d4f2,"[    ""Vegetable Broth"",    ""Tofu"",    ""Rice Noodles"",    ""Onion"",    ""Ginger"",    ""Star Anise"",    ""Cinnamon Stick"",    ""Cloves"",    ""Coriander Seeds"",    ""Fennel Seeds"",    ""Bean Sprouts"",    ""Basil"",    ""Mint"",    ""Cilantro"",    ""Lime"",    ""Jalapeno"",    ""Scallions"",    ""Mushrooms""]"
386,387,Indian,Chicken Biryani,9.5,b9e8c,"[    ""Chicken"",    ""Rice"",    ""Onion"",    ""Tomato"",    ""Ginger"",    ""Garlic"",    ""Yogurt"",    ""Biryani Masala"",    ""Turmeric Powder"",    ""Red Chili Powder"",    ""Mint Leaves"",    ""Cilantro"",    ""Cooking Oil"",    ""Green Chili"",    ""Lemon"",    ""Saffron"",    ""Water"",    ""Salt""]"
387,388,Fried Chicken,Crispy Chicken Strips,7.25,7c1a9,"[""Chicken"",""Flour"",""Breadcrumbs"",""Egg"",""Milk"",""Salt"",""Pepper"",""Paprika"",""Garlic Powder"",""Onion Powder"",""Oil""]"
388,389,Healthy,Mediterranean Quinoa Salad,9.0,4d9f1,"[    ""Quinoa"",    ""Tomato"",    ""Cucumber"",    ""Red Onion"",    ""Bell Pepper"",    ""Feta Cheese"",    ""Parsley"",    ""Olive Oil"",    ""Lemon"",    ""Garlic"",    ""Salt"",    ""Pepper""]"
389,390,French,Savory Ham & Cheese Crepe,7.5,0e7a4,"[    ""Flour"",    ""Eggs"",    ""Milk"",    ""Butter"",    ""Salt"",    ""Ham"",    ""Cheese""]"
390,391,Mexican,Loaded Nachos,7.75,f3b8d,"[    ""Tortilla Chips"",    ""Ground Beef"",    ""Shredded Cheese"",    ""Refried Beans"",    ""Tomato"",    ""Onion"",    ""Jalapenos"",    ""Sour Cream"",    ""Guacamole"",    ""Salsa"",    ""Black Olives"",    ""Lettuce""]"
391,392,Mediterranean,Grilled Kofta Skewers,10.75,1f5b7,"[    ""Ground Lamb"",    ""Onion"",    ""Garlic"",    ""Parsley"",    ""Cumin"",    ""Coriander"",    ""Paprika"",    ""Salt"",    ""Pepper"",    ""Breadcrumbs"",    ""Egg"",    ""Skewers"",    ""Olive Oil"",    ""Lemon"",    ""Pita Bread"",    ""Yogurt"",    ""Tomato"",    ""Lettuce""]"
392,393,Beverage,Fresh Lemon Mint Cooler,3.75,b0a4f,"[""Lemon"",""Mint"",""Water"",""Sugar"",""Ice""]"
393,394,Mexican,Chicken Tinga Tacos,7.25,e8b3c,"[  ""Chicken"",  ""Chipotle Peppers in Adobo Sauce"",  ""Onion"",  ""Tomato"",  ""Garlic"",  ""Chicken Broth"",  ""Vinegar"",  ""Cumin"",  ""Oregano"",  ""Salt"",  ""Oil"",  ""Tortillas"",  ""Cilantro"",  ""Lime"",  ""Sour Cream"",  ""Cheese"",  ""Lettuce""]"
394,395,Tex-Mex,Loaded Chili Nachos,7.5,6d0f7,"[    ""Nacho Chips"",    ""Beef"",    ""Kidney Beans"",    ""Black Beans"",    ""Tomatoes"",    ""Onion"",    ""Chili Powder"",    ""Cumin"",    ""Garlic"",    ""Cheese"",    ""Sour Cream"",    ""Jalapenos"",    ""Black Olives"",    ""Lettuce"",    ""Avocado"",    ""Cilantro""]"
395,396,Beverage,House Brewed Coffee,2.5,e3b2d,"[  ""Ground Coffee"",  ""Water""]"
396,397,Seafood,Crab Mac & Cheese,11.25,5f1d3,"[""Macaroni"",""Cheddar Cheese"",""Milk"",""Butter"",""Flour"",""Crab Meat"",""Salt"",""Pepper"",""Paprika"",""Breadcrumbs""]"
397,398,Steak,Steak Sandwich,9.5,4c9a2,"[  ""Steak"",  ""Bread"",  ""Cheese"",  ""Lettuce"",  ""Tomato"",  ""Onion""]"
398,399,Japanese,Black Garlic Ramen,10.5,2f7b5,"[    ""Ramen Noodles"",    ""Chicken Broth"",    ""Soy Sauce"",    ""Mirin"",    ""Sake"",    ""Black Garlic Oil"",    ""Pork Belly"",    ""Egg"",    ""Green Onion"",    ""Nori Seaweed""]"
399,400,Steak,Peppercorn Sirloin,15.25,a1b5e,"[""Sirloin"",""Peppercorns"",""Butter"",""Oil"",""Salt"",""Garlic"",""Beef Broth"",""Cream""]"
